id_cliente,idade,renda_mensal,tempo_emprego_meses,score_externo,valor_emprestimo,numero_parcelas,utilizacao_limite,inadimplente,is_fraude
1,56,10053.864851747243,228,547,4260.54544069863,36,0.08674776780397409,0,0
2,69,3938.2624541593586,155,369,13806.321455823698,24,0.3370027913372585,1,0
3,46,4021.1211149635556,188,356,14292.425859597897,36,0.1290041750232589,1,0
4,32,7088.321754138144,271,681,14178.040125599851,48,0.5231301129062244,0,0
5,60,6363.782979252623,1,338,9110.940077683055,48,0.6330289054077425,1,0
6,25,8693.414651472067,245,742,500.0,36,0.5782886151734037,0,0
7,38,6167.856370651928,209,317,4857.375071604139,24,0.25924013539027013,1,0
8,56,4281.415818425881,285,651,5622.46077176419,48,0.9088240309687968,0,0
9,36,6181.309661384618,358,597,13143.84289545356,48,0.021172363735378452,0,0
10,40,7217.4071611658155,12,582,8213.14451791702,36,0.34801335376349296,0,0
11,28,6640.964362394729,95,885,18452.00254065209,36,0.718992475398061,0,0
12,28,6014.548062214595,220,409,17338.19168930379,36,0.7669289263491594,0,0
13,41,7133.349379178308,237,479,18368.492231104316,12,0.4161185444318599,0,0
14,70,7338.591180891346,93,843,5417.435031783891,12,0.01690981325636709,0,0
15,53,7764.317982075054,337,324,12454.456060707857,12,0.6180436791237374,1,0
16,57,6297.419775179285,268,356,7612.379555310652,36,0.0630946811832157,1,0
17,41,4665.763839366291,170,479,11639.359091166452,24,0.1078557761535145,0,0
18,20,5293.427372866646,93,531,5971.9312862802,48,0.65025071964619,0,0
19,39,7413.017933016714,148,642,16130.781837757277,12,0.3124883261428548,0,0
20,70,3366.128658025528,111,776,6065.342248980571,24,0.3480301527082529,0,0
21,19,5737.346617745802,54,875,500.0,36,0.48680707698324344,0,0
22,41,4213.3223753452785,336,754,20168.90407871581,12,0.9785783948593739,0,0
23,61,5057.489645869635,115,531,12212.483397839651,36,0.9654422207387104,0,0
24,47,7556.903725214597,142,588,4654.36617790936,24,0.4162609993600751,0,0
25,55,5382.198136039807,200,512,9188.644424654314,12,0.2654992172182822,0,0
26,19,5092.873096312298,179,557,7115.714526415579,12,0.30259215266411577,0,0
27,38,2280.2877180401615,201,829,10028.707234022198,12,0.2687812981616041,0,0
28,50,6492.507132054441,52,986,14013.904179574103,12,0.5322458071417807,0,0
29,29,6290.96836228215,179,528,13228.895464518153,24,0.6068598078009285,0,0
30,39,9326.50944661092,312,525,11268.64510254257,12,0.48877938822966605,0,0
31,61,4384.443530093999,307,895,10026.265566547545,48,0.40799436224815233,0,0
32,42,5438.300655327878,136,734,15393.353787640051,48,0.21128503756993777,0,0
33,66,5498.76736742151,181,701,500.0,36,0.48250559138211335,0,0
34,44,8154.906559526949,0,921,6255.3365336978095,12,0.34110271380245805,0,0
35,59,4809.408935226096,43,387,5106.685833719162,48,0.5415954627983429,0,0
36,45,5558.043051540679,226,883,15031.288865014456,48,0.6751894155116239,0,0
37,33,6215.793019433078,330,841,6304.536921607644,48,0.6333121744366106,0,0
38,32,5373.2182463127165,97,983,3570.2230385477587,24,0.46249021040559335,0,0
39,64,4107.132770898944,207,608,12746.637730584664,12,0.5560524242799609,0,0
40,68,5388.179985796615,264,642,5456.262095451373,24,0.2848561309607597,0,0
41,61,7147.263499719544,287,735,8246.367587458211,24,0.024240259022389687,0,0
42,72,2946.9694011778797,270,476,21905.719504408487,48,0.6250194541681041,0,0
43,69,5265.939348293752,139,438,13935.692770017366,48,0.25256855913768694,0,0
44,74,3599.7583701216536,236,493,8944.796962926626,36,0.6689537100682745,0,0
45,20,7390.093257849685,71,485,9394.359370279084,12,0.7470084995969594,0,0
46,54,1953.6261904324506,154,517,14537.437931107359,12,0.9159277461037811,1,0
47,68,3882.1563054568232,189,463,13314.352150523153,48,0.958122795479613,0,0
48,24,5754.423750129042,267,460,10377.997447254686,48,0.010526046309701442,0,0
49,38,8131.048058468681,320,824,10517.799711197122,12,0.9903742093546374,0,0
50,26,4868.499477854024,106,900,2600.7575978101404,36,0.683018318494161,0,0
51,56,3889.600946613603,231,341,1549.9472496553171,48,0.6435241603741892,1,0
52,35,8762.31413888118,41,509,9115.888621132477,36,0.015213095195355408,0,0
53,21,2103.972199167512,189,574,6833.5740732692775,24,0.8612334118867375,0,0
54,42,1412.0,138,578,12930.395171701817,48,0.14549144724782637,0,0
55,31,5880.028900106665,102,550,10985.89871902813,24,0.837330153933041,0,0
56,67,3995.891551294778,170,609,6136.128032528101,48,0.015562546258716003,0,0
57,26,2957.534365738574,350,439,10815.992297481787,24,0.6459642624991613,0,0
58,43,6416.712894598707,272,845,7908.836072225386,48,0.4348015337698278,0,0
59,70,5487.601427542398,220,829,20333.006890070144,36,0.20076672905933513,0,0
60,19,3871.842738526543,212,356,11931.211494814786,36,0.10756139177043411,1,0
61,37,2439.391202658211,340,411,2196.9650648353563,36,0.44012769654632644,0,0
62,45,6744.91465656029,55,304,19102.57550109791,24,0.12330580532142477,1,0
63,64,6300.402355917322,341,709,6834.254980213751,36,0.4864466116910475,0,0
64,24,4801.648272441234,101,713,5126.315046099154,24,0.6252170586528523,0,0
65,61,8693.273992095332,191,481,20718.433262717605,48,0.8273841936073582,0,0
66,25,2859.830467347695,309,312,11729.183288977818,24,0.6786494371828666,1,0
67,64,1948.9496581505223,199,638,13503.830036027426,48,0.06519976670615046,0,0
68,52,3616.183860237511,232,558,13665.300579360754,12,0.3074325325478372,0,0
69,31,4908.827967289004,226,389,8970.051418810983,12,0.2879786079325004,1,0
70,34,5486.678898645384,138,915,7137.973649068399,12,0.9150324234710843,0,0
71,53,4517.52788428734,343,997,7953.712725311299,24,0.8677820443927635,0,0
72,67,5704.110793028593,304,549,18044.33139622017,12,0.37014791835041694,0,0
73,57,2496.9211516191117,148,554,11018.937766034043,12,0.07115525588258109,1,0
74,21,7887.5292081465195,114,887,16564.575198580682,12,0.8941073178047334,0,0
75,19,4835.697643214862,62,407,9617.774363857508,48,0.8881899529641872,0,0
76,23,7234.591663176256,103,967,6223.082113281278,36,0.854746132030725,0,0
77,71,5685.450692755408,338,893,2788.9176306597283,24,0.8450816377355016,0,0
78,59,5913.506438307568,358,888,13240.0159257702,12,0.4802540010861547,0,0
79,21,6139.534560464408,155,784,18470.490392059866,48,0.17743165224959823,0,0
80,71,5895.41712003463,272,557,5570.134958767497,36,0.4774880504624277,0,0
81,46,6285.445519735088,5,938,12566.862843190102,36,0.49459777066946486,0,0
82,35,7658.305060264863,146,581,3121.9214215962465,36,0.4899317532448607,0,0
83,43,5393.04233940294,183,387,7221.516614690544,48,0.5387725861151161,0,0
84,61,6418.007515177024,27,503,11339.683926872736,12,0.2576570229911551,0,0
85,51,4820.528611425547,37,315,1358.5295716479886,36,0.36624118113361503,1,0
86,27,7880.234430898945,118,450,9909.883736353087,48,0.43418659196346954,0,0
87,53,3647.2153958814606,292,553,5816.497632914272,48,0.13112120951649986,0,0
88,31,8601.880865821631,243,487,13023.79612869137,24,0.4553641345615005,0,0
89,48,4919.684098711313,67,628,9172.996789232351,48,0.810469617069593,0,0
90,65,2138.4497957639037,213,843,14697.195097337915,36,0.8280595427328763,0,1
91,32,5256.208829821579,217,696,8602.008566275925,36,0.41156377190103033,0,0
92,25,3637.8966850502384,176,816,3188.1024008524537,48,0.5188083120843535,0,0
93,31,6681.287097977448,298,758,2565.199594818673,36,0.03365033213505664,0,0
94,40,3694.752041395218,163,629,500.0,48,0.6744325564685969,0,0
95,74,4107.633133570441,57,468,13164.789163049945,36,0.40460588294686306,0,0
96,57,1412.0,268,992,22788.654596344968,24,0.4454776830833458,0,1
97,38,4095.3873615018465,307,665,12176.190685925658,12,0.8736727271797647,0,0
98,33,1412.0,57,477,18360.234410021705,24,0.46183443456060835,1,0
99,62,1832.1943530285535,287,954,15667.866453945098,24,0.021192246227852762,0,1
100,35,6520.829312288595,104,661,7408.3199506295705,12,0.22749089086906238,0,0
101,64,6571.600317301664,227,938,16326.579904953127,36,0.47562061430825897,0,0
102,70,5850.915123569929,246,339,7607.126542437425,12,0.42439629274853574,1,0
103,41,3066.0477137415737,187,715,7706.460652308205,48,0.8603701372804806,0,0
104,43,4904.577287716041,82,654,8957.038370318449,12,0.5421375093061667,0,0
105,42,4992.794921818863,185,554,9194.00988836435,24,0.689635741915121,0,0
106,62,2683.2706216149145,251,442,13306.847315930738,12,0.4693232970434701,1,0
107,58,8006.7966035343015,354,876,6645.566320545973,36,0.4396557340591649,0,0
108,46,6754.724581151343,237,310,14445.513892914885,24,0.4462866684743513,1,0
109,32,4558.071652340672,359,919,14373.720415157353,48,0.41092156969383886,0,0
110,62,5053.771677989062,183,325,11714.817662222424,36,0.5385833858542034,1,0
111,18,5416.765615895105,283,720,19698.059543037223,24,0.2504434017536037,0,0
112,42,1412.0,209,962,16436.963243291542,48,0.8910551938418209,0,1
113,24,4505.645234958806,303,520,15348.646451002323,36,0.3330855480938729,0,0
114,26,3636.031504004403,295,795,10330.766872716258,48,0.14752383417734682,0,0
115,41,2996.759980210169,96,536,11758.830689071629,12,0.09655047859774513,1,0
116,18,4437.79941422809,207,536,12619.036815438769,12,0.01342291512012761,0,0
117,61,8595.373053699044,136,518,10066.206867638026,48,0.42285607856686147,0,0
118,25,6281.68572253402,183,786,8122.152698457645,12,0.18761098854542468,0,0
119,41,3857.6420204344067,75,760,500.0,48,0.021647902587247914,0,0
120,28,6145.165562712317,286,962,13588.827045624115,36,0.5200195462895237,0,0
121,68,7798.710873172004,141,934,15207.236084416772,24,0.6799785486507615,0,0
122,34,6849.267365825537,236,443,4194.40571921582,48,0.08575105091110435,0,0
123,25,5119.260739840348,24,488,13025.843248602458,24,0.4609207729196596,0,0
124,52,3706.126444588852,289,554,7042.36660841238,24,0.7436286786007467,0,0
125,52,6396.44662722718,66,367,8167.354087964633,48,0.9858068210084251,0,0
126,50,5786.970770843499,249,915,16553.80263681677,12,0.6671903446425609,0,0
127,22,6790.386440055465,117,635,5046.828048929931,36,0.24483955080952058,0,0
128,59,6270.343603363939,72,970,5039.261056533899,24,0.7165536397789996,0,0
129,56,7099.10543063867,281,708,19024.17182821999,36,0.59792942681983,0,0
130,58,3929.5295768788637,359,599,9272.216507318082,24,0.21179928858154773,0,0
131,45,7634.788131268651,9,901,16232.727966155338,48,0.8511108258475547,0,0
132,24,5395.199209384799,210,656,2006.4856908553274,12,0.42740442722760086,0,0
133,26,9150.521745250531,322,555,2406.9836520457347,36,0.9619776547341259,0,0
134,25,3621.6243638208643,151,652,5435.277422107894,24,0.722901007447778,0,0
135,29,8471.927606330499,4,820,7592.696117336556,48,0.6445631546318221,0,0
136,51,5395.821566925296,194,823,2983.5670167344397,48,0.7283528374765619,0,0
137,50,3697.163992771103,282,993,11846.482382149998,24,0.47809701881822153,0,0
138,65,4032.228331891357,112,583,12172.97084328391,24,0.505226477801674,0,0
139,72,4359.3053836113595,270,611,5509.285610807312,24,0.851207385444744,0,0
140,40,5848.3318928038325,162,398,5907.00650304599,12,0.6809285366435028,0,0
141,41,6045.670976070999,104,496,6566.092830742193,24,0.8972433251916417,0,0
142,54,3852.599992122842,180,781,4175.571005534794,24,0.8908267535742685,0,0
143,52,4951.290815478034,43,525,500.0,12,0.9764900340442492,0,0
144,61,9284.540717223728,281,914,9574.798469275673,48,0.7002146588453342,0,0
145,57,8455.086340201422,174,917,7847.811536495116,24,0.502301717661742,0,0
146,39,5872.647339348065,161,664,8359.270775867133,36,0.16631170020908237,0,0
147,44,5076.0069563364,350,667,4940.9823949561405,48,0.7053805596474173,0,0
148,52,5240.062653436523,339,869,14052.487495751335,36,0.2915777167599307,0,0
149,18,6227.035945460833,139,889,22126.957947085408,24,0.28294756803733123,0,0
150,52,2954.414869603189,131,374,5829.575719894222,12,0.2382877764480681,1,0
151,54,4485.246925153309,86,341,16998.48069486174,12,0.8751220573514502,1,0
152,64,1662.8318522448212,175,721,11833.249060736469,12,0.8679644466821582,0,0
153,31,5798.446245210558,182,480,10177.09945891217,24,0.6309704448700582,0,0
154,20,6294.3918794054825,128,844,8279.386317185843,24,0.47298098137073585,0,0
155,18,4033.627075401252,245,370,9583.91564883004,36,0.672114460098799,1,0
156,22,8147.9735265800655,88,867,15747.953448493132,12,0.6072294502983907,0,0
157,43,2548.4686739953177,65,404,4309.595195217438,24,0.41573424832338735,0,0
158,72,2071.2502395803594,157,499,8624.966344242743,48,0.37963086748563435,0,0
159,31,5448.903637119944,148,400,16245.001039112514,24,0.3827943081453502,1,0
160,56,7094.19660522431,339,606,14918.573467639986,24,0.5891334031560382,0,0
161,44,8367.855382915737,115,885,4387.0703052487825,48,0.6476693561208259,0,0
162,26,4082.23147426212,213,982,9087.040611094773,12,0.451741753515442,0,0
163,32,7157.361666862591,293,676,13640.039239170135,48,0.968691450213043,0,0
164,32,4922.983060998586,252,954,13317.140596605484,12,0.08384571800448104,0,0
165,43,4654.7454001183605,142,977,14875.672606216438,48,0.347047025953777,0,0
166,59,6767.319874973345,249,698,11921.42944083649,36,0.41907468312544094,0,0
167,30,6304.64575682684,301,520,12759.76573997892,12,0.016921343464943117,0,0
168,68,1847.2156860315013,24,894,11713.982109635794,24,0.36495718766822516,0,1
169,49,7953.080699451792,276,481,17898.665387639452,36,0.27370991717284254,0,0
170,56,7760.182708294903,69,606,7890.944102843909,12,0.5060362702274808,0,0
171,66,3748.874596980941,112,821,10240.955814726085,12,0.33641054718326924,0,0
172,69,5791.607066874818,111,695,4925.155838411453,12,0.7261821349464612,0,0
173,49,5988.060372565477,302,303,3939.891165977938,48,0.5099324954076485,1,0
174,21,5521.347531647814,90,580,11624.783505291904,12,0.12976223349626437,0,0
175,47,3899.3896923091597,17,514,6379.068670290739,24,0.7500613241443472,0,0
176,54,3656.7532641238968,148,909,9711.57198551322,12,0.0992288960826766,0,0
177,40,4948.891858017109,226,719,18088.746552621044,24,0.8390491680793574,0,0
178,56,7345.458038518729,213,400,17799.688511864104,24,0.9314221940862194,0,0
179,62,6087.200309188865,359,820,21120.2238934415,24,0.3224452901848539,0,0
180,32,4258.771335827788,150,872,18188.262541995606,36,0.9261426332629309,0,0
181,60,6543.39742129669,191,608,22015.090958927452,24,0.7930081591225383,0,0
182,46,1412.0,39,957,12182.648339062805,48,0.9224356110037699,0,1
183,53,7297.531400744207,241,809,5484.897086777082,12,0.6662701369208477,0,0
184,30,1520.5724424438008,137,362,4998.037152572599,48,0.23564403942142187,1,0
185,49,4275.118117193736,344,932,16981.653037207598,36,0.8945232369109726,0,0
186,24,2760.6602107477124,179,525,10258.1325140521,12,0.18426507617074372,0,0
187,68,2410.6370485581883,199,404,10630.65757923008,24,0.21306055101753552,1,0
188,39,7321.653574757039,202,724,7254.644560230932,12,0.2710629901403637,0,0
189,45,4064.5975973762174,60,554,7854.1303017535865,36,0.30424631148658465,0,0
190,19,5693.007763461432,191,728,11918.796448884626,36,0.5144796421310306,0,0
191,59,4906.158842241632,4,733,4723.882549379817,48,0.7134573604340441,0,0
192,62,5954.081654446243,236,506,11285.692329040477,12,0.9262081744006837,0,0
193,74,5153.643782120511,180,327,17555.400975675646,12,0.08843758733550244,1,0
194,70,2434.0155516228606,310,981,500.0,12,0.9543693622282359,0,0
195,23,6992.53363889428,36,635,2293.440609614432,48,0.9213229670968134,0,0
196,45,4012.486833677375,55,887,13378.04980751529,36,0.05399929218103894,0,0
197,45,1886.836202680498,236,927,16819.839368304318,24,0.3603211376915627,0,1
198,61,4143.7696780681745,357,368,7550.53634930159,12,0.8131433902993365,1,0
199,61,8001.519581268622,348,812,500.0,48,0.6115765454794011,0,0
200,37,6700.443484226986,196,466,17159.62086970376,48,0.7790939433817704,0,0
201,47,4302.695731184282,72,667,5944.674240427377,24,0.7190333387898875,0,0
202,28,4301.4845913631425,58,550,8193.768285361937,36,0.49677011312716357,0,0
203,72,4356.729897565235,239,985,11595.224361598883,12,0.04121804595169953,0,0
204,45,9153.495967121682,1,469,6667.833140446213,12,0.584268202064501,1,0
205,42,5763.870904463107,359,389,5619.351364214026,48,0.04856665305929597,0,0
206,56,5860.083294382139,187,860,5710.999037179556,36,0.6037267175351309,0,0
207,50,7060.566908063684,306,745,19289.642804638417,12,0.8004108624936782,0,0
208,18,5477.578318053027,29,593,15798.067942126407,24,0.5849917487019186,0,0
209,74,4481.915708358594,266,449,12872.586703085908,36,0.9970218045616971,0,0
210,44,4607.300301830043,107,431,500.0,36,0.45586650018043307,0,0
211,74,4856.797481171872,331,732,12890.959475277934,48,0.7488274636039874,0,0
212,69,4925.555526980317,89,358,12621.001042047345,48,0.6672132917419075,1,0
213,30,6455.25908727396,204,498,3609.3342990741703,12,0.991431691558088,0,0
214,58,5103.891771614599,219,514,11293.550667369163,48,0.7132190050771051,0,0
215,20,6465.280154431159,93,860,15257.462481293445,36,0.1640307314593894,0,0
216,56,4838.566839782836,102,771,12846.829592968867,12,0.9555177064172409,0,0
217,23,5157.2703806321815,222,546,6599.1529914988705,12,0.6677772264457613,0,0
218,25,1412.0,185,681,10066.323215419867,36,0.05933823080638989,0,0
219,44,6832.655349404963,183,538,13651.784656005995,12,0.6575683057846125,0,0
220,26,5692.976951795986,161,666,10297.260171088246,24,0.8831194066747751,0,0
221,54,6996.020219719305,246,467,16271.424445534476,24,0.577041861990025,0,0
222,50,1412.0,30,859,11978.407784200543,12,0.3540196380320112,0,1
223,68,9176.749409561455,51,350,13764.613326439154,48,0.820909634070616,1,0
224,59,4720.820743689653,344,909,14107.0032349588,24,0.7825120082058294,0,0
225,61,7216.365633475033,75,988,4666.586483470685,12,0.5441821542313008,0,0
226,41,2920.188145748938,277,679,10249.930176783395,24,0.15436176989590034,0,0
227,32,6225.547810125139,39,773,8338.227632405176,48,0.25098648552318137,0,0
228,71,2893.1688736526876,100,379,15219.229974035392,36,0.7384839721861057,1,0
229,49,3752.4620786083897,110,996,12316.165233520123,12,0.8060821653949275,0,0
230,49,8828.062707733572,320,666,9058.937689472048,12,0.2792652780409898,0,0
231,41,4618.635198473306,248,760,3590.7429827866845,12,0.36798507718678664,0,0
232,58,5434.865746359445,190,838,2015.4583393972944,12,0.07763188524979514,0,0
233,69,6740.135461377508,181,751,11551.713099724768,12,0.7134619483664998,0,0
234,66,5991.363775945209,334,763,6413.9366138327,12,0.003577544600031346,0,0
235,66,5300.837810287153,208,777,13330.632340486165,48,0.04654152121906807,0,0
236,69,5729.92200493245,21,719,1784.298674618869,36,0.004344067784089911,0,0
237,29,9806.831170476551,165,513,17964.755991044454,48,0.6453195833376167,0,0
238,56,4884.762405932829,98,668,13319.320449658373,48,0.41738712770054653,0,0
239,19,5402.198093429935,207,413,10495.925449888637,36,0.29754676134333025,0,0
240,20,7101.308792015224,7,802,18415.29468201366,48,0.9127010103571104,0,0
241,66,7211.051865915968,189,935,14742.089671105681,24,0.19280279467660666,0,0
242,54,7374.06061112076,174,887,7624.983806914781,48,0.38936801038140056,0,0
243,66,6277.460444058369,272,610,10387.881548891646,12,0.9403118009277517,0,0
244,73,2713.990174539033,16,768,500.0,24,0.4271065628370424,0,0
245,34,8266.863064602192,89,343,15320.951552744255,24,0.5546936856470578,1,0
246,66,2707.309213962624,140,714,8520.24161004139,36,0.08033686656948757,0,0
247,19,5605.2709304780665,144,997,500.0,48,0.7901663868934623,0,0
248,19,3491.448299961284,165,545,4090.8071529550425,48,0.42275877708823817,0,0
249,45,4871.723306814015,336,383,14354.56024224705,24,0.8005151245984834,1,0
250,71,5657.524820606961,77,506,18069.013575180765,48,0.25379764255599213,0,0
251,40,5642.714430900546,261,450,10102.127594590434,48,0.42247875056141004,0,0
252,54,5843.841508470569,162,967,5089.7432900355325,36,0.7865489363650103,0,0
253,49,8227.422538117295,13,827,2896.2515516044905,24,0.9738777670436397,0,0
254,50,5907.068603027959,238,464,17073.07309070554,12,0.05962552438726887,1,0
255,18,4511.686729418702,71,444,12247.338892236137,24,0.8124561774189043,0,0
256,36,6928.174336576714,142,336,8349.30189677627,36,0.30068906762711023,1,0
257,19,7378.940977849281,309,632,7158.641069622296,36,0.5507432808910722,0,0
258,70,2544.784369726015,282,702,13359.148188668141,36,0.2900922649507479,0,0
259,61,6194.800139699716,268,713,13221.592470356802,48,0.6134454725679902,0,0
260,43,6402.3454846217965,240,344,5517.077932720273,24,0.35380283064397555,1,0
261,49,4404.872993280016,244,701,4288.137545495289,48,0.3336148909776815,0,0
262,23,7751.413626623239,162,505,4540.486521432527,48,0.037938312935935525,0,0
263,49,4699.888825934947,59,361,7658.877097628218,24,0.14696040590381154,1,0
264,72,5251.152906943084,5,719,6551.072732086219,36,0.9170781988654788,0,0
265,21,4653.85635143226,196,767,18090.460090847828,12,0.9982774288732463,0,0
266,72,5031.158095162935,57,318,7481.096888702805,12,0.7805205758696064,1,0
267,28,2807.4498262095963,304,664,3751.66776025135,24,0.2868126247734868,0,0
268,73,2119.8982348114114,216,599,4032.5127955023636,24,0.40244513844359253,0,0
269,34,8189.010126449944,25,306,9080.141994792022,36,0.7395034549060827,1,0
270,55,3306.077303363344,302,727,889.3793851057981,24,0.9685135568831981,0,0
271,41,3017.2153010873853,4,416,9699.396430688017,24,0.4554711707293676,1,0
272,22,1412.0,19,879,3318.9524975921795,36,0.8295224152883747,0,0
273,69,3722.0765046209954,197,806,15793.051833708505,36,0.9750689225987169,0,0
274,51,2353.8204131850034,58,845,10582.811746209725,48,0.8734731710560043,0,0
275,23,8284.030320272737,241,624,20605.11800766222,24,0.22714974677132693,0,0
276,39,7019.634178685268,145,354,8858.997102488947,12,0.008031863875622935,1,0
277,28,3623.699309644552,272,341,500.0,24,0.4920817053884151,0,0
278,65,9504.871610688617,248,596,17288.40600178102,12,0.5313608316952668,0,0
279,33,6963.530973983188,13,530,12509.61579238534,12,0.20125036455116962,0,0
280,50,4350.337232982755,12,752,13284.539394803367,12,0.28467439194681765,0,0
281,26,1412.0,43,693,4987.0820512797545,48,0.7651531608485469,0,0
282,23,9581.885145181484,18,821,9785.759722023055,36,0.47034725871313376,0,0
283,33,2220.855066472808,62,657,10932.304375678299,36,0.31735408360025663,0,0
284,46,1709.2025060862165,238,743,8810.896911969507,48,0.6226260273619194,0,0
285,20,7045.14086401928,336,427,1328.185873732631,36,0.6527597559761253,0,0
286,37,9879.504812678546,99,990,23843.460241295274,48,0.7693957768408022,0,0
287,53,7768.545637021036,162,704,14179.146189141125,24,0.15670929576291914,0,0
288,36,6127.81824010472,121,691,12102.92023510198,48,0.7415172523269903,0,0
289,43,6189.508683330572,43,492,16569.428105069896,36,0.5994283921104185,0,0
290,20,6706.831117560616,359,903,13220.961055194206,36,0.05757186530279712,0,0
291,36,6517.85717957353,316,377,6613.985599601498,24,0.7774456282534111,0,0
292,37,5562.382847938752,144,384,16248.91378908845,48,0.38308028133318506,0,0
293,49,5208.402207903752,326,329,14261.080032890075,24,0.33038093432963755,1,0
294,24,4874.813744200956,49,348,6803.570913429707,12,0.44807515158163436,1,0
295,69,3492.070822266647,64,444,13950.073341425224,48,0.34617507730612906,0,0
296,58,4438.649846266452,354,368,8797.149839119595,24,0.33828559220990906,1,0
297,50,1614.086371609229,287,357,11042.390998993065,24,0.8080776677006255,1,0
298,57,4803.3207464105,163,996,12998.25233456613,36,0.12450525436569226,0,0
299,56,3022.817785698165,140,873,16842.4885065248,48,0.9706000678574586,0,1
300,35,2792.821365568458,313,778,6770.020074364729,12,0.5549316443743433,0,0
301,57,5359.788302306957,127,744,11824.810903261317,12,0.1829239984213129,0,0
302,18,7784.0045726891985,238,595,20078.631131155977,48,0.1312154829316865,0,0
303,28,6836.633212004626,323,977,9119.762519865242,48,0.5915095321349826,0,0
304,45,1858.9987927536458,295,470,10982.783888497912,24,0.632999443846928,1,0
305,74,3020.743726859325,186,874,20071.152372389937,36,0.053025771029810764,0,1
306,42,6881.542375976432,207,446,13187.387359745522,36,0.2430019141287858,0,0
307,67,3035.025212923381,219,783,2630.0986041944207,36,0.7954619212214673,0,0
308,40,4550.733700005951,189,605,6022.611739228176,48,0.049624627743525496,0,0
309,48,6100.104198049104,345,972,13447.896071827216,36,0.8550886639060361,0,0
310,47,3063.3110902727294,283,952,12115.024539452375,24,0.6581624765263335,0,0
311,59,5210.75101229192,351,908,10812.899333694097,48,0.4344232593632048,0,0
312,52,2331.949010163591,236,745,20806.12091583232,48,0.34643284897091586,0,0
313,24,3797.2647120975726,193,520,6912.564219208027,36,0.019248963848893963,0,0
314,33,5639.563868285074,286,854,9627.930882839819,12,0.8252149457518431,0,0
315,43,1814.0125329366615,258,677,500.0,12,0.1427218539685381,0,0
316,65,5880.949475920798,245,919,15803.29944400486,24,0.3095419918620881,0,0
317,74,4960.724402146638,135,565,6005.738494687101,36,0.5691069803628038,0,0
318,69,6104.979908834295,279,394,15285.683844004645,36,0.24599260007125423,0,0
319,66,5447.828268129323,270,561,14760.150657186507,48,0.49714046375220133,0,0
320,19,7728.280859947688,170,370,21745.496293938893,48,0.8093428287387023,1,0
321,18,5250.4490052958145,158,518,13246.37788265606,36,0.47053793479027484,0,0
322,65,4141.188917749494,200,832,8219.566878399455,48,0.948977344119596,0,0
323,29,5244.595006064567,44,391,12268.11479998546,36,0.8475006203763417,0,0
324,22,6086.596058072776,263,426,6203.735760857061,24,0.3330392353633942,0,0
325,54,5097.720140651409,70,379,11595.800887544545,48,0.39996212458393776,0,0
326,49,5081.183382407765,102,537,8995.487472288138,36,0.42332672702252716,0,0
327,72,3596.016624386489,124,671,9648.307751640643,48,0.6261794529245147,0,0
328,26,3674.1981648981036,312,785,5508.167560362182,24,0.2867957291885398,0,0
329,58,2194.789456400613,285,993,11502.230298813882,48,0.9692491388225086,0,1
330,52,8499.153486373878,229,324,14121.150128430345,36,0.6086842206035009,1,0
331,36,2512.2735292174298,145,455,1739.516026641364,48,0.39940165874113354,0,0
332,65,3614.1896044081855,196,816,6557.036733674313,48,0.6450098154915673,0,0
333,33,3563.185468861605,220,931,10840.235845901352,36,0.39540501052970767,0,0
334,20,6789.848753888882,59,829,500.0,12,0.8177956809794189,0,0
335,37,4410.100643415944,97,356,18701.32216856459,48,0.5678409605517213,1,0
336,41,7495.484145347467,170,904,6444.445927234725,48,0.041970503406067006,0,0
337,71,3653.018751512263,172,318,5309.562406207859,24,0.17675686742346075,1,0
338,73,5557.988324447604,150,683,8963.288618716058,12,0.8649939730295346,0,0
339,50,3329.3058934804853,349,492,10686.864193991118,24,0.5628998263567899,0,0
340,41,9290.298255546777,121,536,6217.635510238312,36,0.950343476513905,0,0
341,69,2624.8031619409744,107,686,14902.068329944635,36,0.07242231286068479,0,0
342,28,5619.641420454055,3,725,11998.532697206116,24,0.2952606300859739,0,0
343,66,6267.553761864197,92,576,5813.790531973222,48,0.1935433732395726,0,0
344,25,5827.5981949029965,5,526,7387.974415388143,12,0.5538402922287362,0,0
345,53,4629.424682244584,287,851,2416.151518048404,24,0.38279283107990936,0,0
346,55,4740.358600533148,105,622,3733.2955223258205,24,0.15727353407639322,0,0
347,57,5087.622943958219,145,452,11937.991641061808,36,0.6427519139595469,0,0
348,37,4705.995996743023,270,938,5865.677219650857,48,0.5362983657971865,0,0
349,52,6927.75823358982,95,536,19021.422265245463,12,0.27473625129630097,0,0
350,65,9421.046003182702,228,354,10354.616001545712,24,0.4797713577823778,1,0
351,42,3885.0164299843327,201,735,3235.882874480024,12,0.7457383150411895,0,0
352,52,2260.3940408418443,211,983,4283.2635696621865,12,0.20527167455065853,0,0
353,42,4823.435903297491,5,408,15264.848473407139,24,0.2929057467017291,1,0
354,46,10159.418675308636,111,483,9617.431986954629,12,0.34611098709411514,0,0
355,35,3392.6508640605384,322,667,14959.974132788178,36,0.7467264372010316,0,0
356,63,8278.233610888135,105,497,8167.560099609672,48,0.846922599550907,0,0
357,35,8355.401628152882,138,670,7198.8395374824495,48,0.3763884964416109,0,0
358,19,3892.8235165840106,298,672,15597.236855171926,48,0.2966208618339182,0,0
359,71,6137.966158370551,95,796,5707.113114857037,36,0.8894467583516772,0,0
360,52,8256.793246257075,336,898,12445.270666851808,36,0.9993649321926787,0,0
361,33,4241.744518025026,296,500,8941.08194799316,36,0.6703536396617991,0,0
362,58,4592.8392797952765,213,808,14393.617066878873,48,0.9899806149891808,0,0
363,53,3836.638172102713,290,621,19092.419937679,12,0.65996627780191,0,0
364,50,2970.4865386142665,21,574,8039.111583994954,36,0.7334602720078249,0,0
365,21,3701.444909867986,192,510,7264.289306017721,24,0.38865600154351365,0,0
366,50,2552.119466475487,149,803,13329.041945186778,36,0.4329675469990535,0,1
367,31,5068.1669365184525,246,417,4589.982023984659,24,0.14413566398939515,0,0
368,38,3460.0535378827162,266,853,18082.327289250177,48,0.8227500147651232,0,1
369,65,5467.571823581496,250,341,17230.112750282366,24,0.9310590308872001,1,0
370,37,1888.2087075927452,2,614,5004.401804197848,36,0.623438133694112,0,0
371,73,5661.760464428914,315,628,2084.3759029654684,36,0.3436473084453985,0,0
372,25,6667.05792321785,75,316,4197.114235718911,12,0.15401632537436627,1,0
373,24,1412.0,86,582,4273.151800204411,48,0.26515622970531494,0,0
374,20,5748.113139695144,269,557,14008.802821774883,24,0.2554104208518433,0,0
375,34,7455.337984946585,224,874,17745.851578897018,48,0.6135278841635731,0,0
376,50,2580.717962617589,17,873,13950.631063094119,36,0.9450374653636044,0,1
377,65,8345.144773675407,112,911,8819.038916917712,12,0.04827188695798146,0,0
378,29,5838.038018732091,250,318,11712.49233455207,36,0.0010222995944479951,1,0
379,68,3589.9762884831825,232,828,5651.109835974823,36,0.6001819443143256,0,0
380,39,4888.461844684588,328,722,15486.040227821162,36,0.28406046207971525,0,0
381,72,6116.653825043445,278,765,12160.144699912664,24,0.880548342338957,0,0
382,39,5152.010782824823,201,672,13865.988910082315,36,0.327250307905817,0,0
383,63,6077.511984892739,82,380,6362.3214907011225,48,0.2897376005288893,0,0
384,47,3158.6528138412677,124,850,9157.014065656767,48,0.2695106212182973,0,0
385,55,5338.721648072156,174,847,13625.365699906015,12,0.1448528272682441,0,0
386,55,2172.5710061900395,68,723,17217.564497618074,48,0.5815304742771106,0,0
387,62,4777.5478773026,46,728,6959.501202757076,36,0.16821360233421,0,0
388,68,3192.1847170704204,255,687,13902.259535854098,36,0.42463115979029087,0,0
389,71,3528.940114820467,214,969,6439.641016948581,48,0.46097205225564886,0,0
390,25,7472.186350420874,29,503,20585.968864133043,12,0.020492046877974457,0,0
391,44,7182.620241188538,280,495,7925.876458637354,12,0.016807279821142496,0,0
392,44,6218.276241814354,236,584,13217.525870260557,48,0.5202126887568292,0,0
393,51,2815.374470654842,247,495,10828.048076168163,24,0.6960347322291323,0,0
394,38,4367.183100610397,24,606,23026.515606802466,24,0.9421424822804046,0,0
395,47,7426.195399958367,73,963,11149.508040122819,24,0.1791192841569551,0,0
396,50,5283.4338272798095,205,313,7424.71988504936,24,0.10325880943608257,1,0
397,45,9638.659079963389,313,445,13197.532563065315,48,0.05208790692715093,0,0
398,64,5786.6356787887435,93,356,13086.204333876864,12,0.43604158291295025,1,0
399,50,5384.098232980064,126,509,9212.65068120529,36,0.6231473673359569,0,0
400,22,4381.767071594997,24,828,4526.170678859458,36,0.8405533567512642,0,0
401,65,5267.0818095645645,333,643,7360.005693048217,48,0.6826448822931314,0,0
402,36,4695.060327238913,354,910,14407.494740724596,36,0.20836078907485733,0,0
403,21,6416.217353377181,115,578,1262.7552688301857,24,0.461770366396279,0,0
404,52,6913.404633589168,47,508,8759.770503071435,12,0.9103463463086553,0,0
405,66,3428.021078984101,225,940,14974.319609083916,48,0.3267410624773712,0,0
406,34,2337.534092884444,265,634,9532.51890499976,12,0.49873036509193147,0,0
407,61,1412.0,98,587,20868.550697763712,48,0.9585653346436968,0,0
408,45,6015.982653825087,10,551,1276.7487985067382,48,0.7347080055736976,0,0
409,47,2793.266787652253,84,564,5193.160655402831,48,0.747740385641692,0,0
410,46,1412.0,213,570,500.0,48,0.2523340044132276,0,0
411,63,5777.157209061928,172,999,19968.452833726496,12,0.41469811830512815,0,0
412,70,9985.999034865581,208,718,5275.064246241847,36,0.08234216309672171,0,0
413,23,4987.858176920214,63,510,500.0,48,0.6065258670505337,0,0
414,52,6676.9815489032835,257,664,6940.403427872827,24,0.10373016454249417,0,0
415,58,5163.65871709513,331,375,3035.9544590576506,48,0.8359095822059548,0,0
416,54,4802.2206936177145,120,959,6976.075548472987,12,0.8145537870199968,0,0
417,41,6838.152965975537,297,620,10206.14625472452,48,0.5336051011223095,0,0
418,46,4419.450911622697,53,732,14024.605520235502,24,0.1411660331970297,0,0
419,66,5534.784628143806,330,408,9126.65529944531,12,0.02557898319516816,1,0
420,63,5643.395612392027,271,940,10126.45349667338,48,0.7967086675425724,0,0
421,70,3663.8190927139026,240,821,7092.023884649347,24,0.6001404832134268,0,0
422,48,6984.084699073046,242,346,2441.5088637517047,12,0.7109296367478833,1,0
423,52,4650.080486609183,17,678,767.2987851704929,48,0.3038071257363676,0,0
424,50,3488.5096810143104,186,395,8177.571098318193,24,0.5094827378439145,1,0
425,69,6073.019687140807,345,402,10423.19889271607,12,0.7471741705396504,1,0
426,38,3203.0640364179253,143,445,7806.927393868746,48,0.46256330831379955,0,0
427,49,5056.362314738257,261,326,953.3650356932903,12,0.6013842227687309,1,0
428,40,4981.762006711593,238,829,11007.00046634086,24,0.7897282618079623,0,0
429,50,7171.791131663156,303,978,18146.52441452157,48,0.21522064526637885,0,0
430,20,5949.396465759905,297,381,9426.767432444261,48,0.06592888935748231,0,0
431,35,4949.946082509712,75,727,7102.347112119587,48,0.5318235108108051,0,0
432,42,6635.532598400574,187,883,9697.529798782405,24,0.06212577072009573,0,0
433,59,7780.415098034627,332,778,4478.100777184406,36,0.7665572943667532,0,0
434,48,6115.620612703724,245,461,4155.504353519257,48,0.7192114476337886,0,0
435,71,5020.705239686761,129,701,12257.070440473182,24,0.881712671465297,0,0
436,20,2376.3275352996807,314,807,14951.607645161661,12,0.6395620980339606,0,1
437,57,2869.7726738492547,282,337,9264.508239027899,12,0.06719757075237376,1,0
438,63,4389.550591290665,78,810,500.0,24,0.2531521254896174,0,0
439,41,3780.975595681434,71,692,11766.744632678754,36,0.8079318445627193,0,0
440,67,4626.057394029108,262,793,20336.910851687244,24,0.16713241731358774,0,0
441,49,5113.299849794214,190,499,8780.509182758577,12,0.6984804678148874,0,0
442,64,6059.385508713462,62,554,9110.771122982886,12,0.780259330920478,0,0
443,39,4859.002443881817,11,478,5636.832349430309,48,0.33011179785524114,0,0
444,40,5973.003287652404,140,846,12406.76998946705,36,0.3222974734029085,0,0
445,19,5128.948829620241,253,893,6645.082677526936,24,0.5578026812091469,0,0
446,44,1412.0,42,688,15107.509488342972,12,0.8612863327547637,1,0
447,59,3121.3292123624915,16,697,6712.097267574221,12,0.22390620191348054,0,0
448,19,4711.824888556769,62,457,11708.95734059482,12,0.9412581960424027,1,0
449,43,2580.6105143177847,252,303,9768.2787697022,24,0.5991186848201082,1,0
450,34,6199.857459992409,291,466,17775.5580965465,24,0.9921264713522762,0,0
451,57,8061.501664687395,7,767,12047.396930990242,36,0.08961372399532264,0,0
452,50,7437.523703394633,324,708,16935.036595624606,48,0.12656213650675907,0,0
453,26,4573.114258139584,89,711,10543.117503885833,48,0.8266418037134827,0,0
454,60,7981.452273699904,207,503,9146.298497428592,48,0.8647558956038492,0,0
455,71,5297.334914404223,291,493,9809.046152323876,12,0.44545868837093394,0,0
456,65,4325.828057763922,283,534,6142.953993114037,48,0.714071176142335,0,0
457,56,3773.1946729181204,117,449,12658.34391851936,12,0.8675572874455385,1,0
458,46,4395.060627023743,348,458,6548.208295982567,36,0.04312778821882868,0,0
459,59,4223.646362917542,174,578,10562.315207589247,12,0.5739504229932586,0,0
460,72,5340.832444750976,75,703,14276.00983231956,36,0.8534806665264896,0,0
461,43,5321.147962099729,100,977,17917.744548884693,36,0.39815494458477496,0,0
462,52,5006.0920403068285,150,610,10814.30041932495,48,0.3023836061124269,0,0
463,67,5873.8763394927,269,367,14306.035280330161,48,0.7957066850948376,1,0
464,42,7381.292549572683,70,762,13709.438751904072,12,0.3357865835028362,0,0
465,41,6899.108270882647,179,387,8088.114545895121,24,0.0031742981845032103,0,0
466,30,2030.2040631001928,123,516,20539.017272120887,48,0.9595725876290657,0,0
467,24,1412.0,292,300,7118.788985605283,48,0.5921232363510185,1,0
468,74,6868.639822478547,284,434,10454.973130747827,24,0.8195179187100712,0,0
469,53,2266.242603169158,194,996,17270.598766992138,24,0.8253015623427146,0,1
470,62,4550.469196214633,227,650,17147.291213994118,48,0.06641042037273281,0,0
471,37,2659.773947881281,274,439,10071.601990178307,24,0.1708601993864648,0,0
472,18,1412.0,105,917,14952.083739203139,12,0.3111206807596474,0,1
473,25,6082.925456409576,20,432,8880.138317782223,36,0.32069928504132283,0,0
474,63,6518.310320605294,63,919,7556.605548504709,36,0.6587861176809129,0,0
475,33,3846.979198546561,164,477,3936.054634407801,48,0.6231329207526848,0,0
476,31,1412.0,26,657,13619.406827396402,48,0.49458977800981374,0,0
477,29,3907.5111034950346,310,679,14146.104656342279,12,0.21126373230876794,0,0
478,68,5783.608010805093,284,957,7160.553522221691,24,0.3819834696903034,0,0
479,40,2042.1768624517426,147,749,11340.500169926174,48,0.5435939684651695,0,0
480,32,5366.719839558311,280,885,23254.94213935967,36,0.4679853661039419,0,0
481,45,4969.380301654009,325,762,15733.411500586823,12,0.12729253309507838,0,0
482,51,6158.582999202177,318,407,5492.580287105693,12,0.6495104935019238,0,0
483,19,5239.160736828307,163,421,15007.811398816939,24,0.07305177681066055,0,0
484,49,3053.862118236889,223,316,5515.6910937465955,48,0.3781946830810803,1,0
485,40,7393.143003328983,271,495,500.0,48,0.7100293476752291,0,0
486,39,4682.94085394606,145,626,9897.939283669357,12,0.02002353451970651,0,0
487,68,4945.390920980136,355,617,17816.007297964927,36,0.5699828190453161,0,0
488,42,3133.464081853608,29,778,16987.239802184708,48,0.3345209741432973,0,0
489,39,4113.43549761698,44,551,11886.175845463273,36,0.008831843422734464,0,0
490,39,3230.394571946198,274,802,7291.352933750528,12,0.19038327106097186,0,0
491,66,4654.107880153154,33,418,12432.248419563233,48,0.9409461932706544,0,0
492,69,8423.416960284687,140,973,8654.199148445447,36,0.5211489055050904,0,0
493,59,2256.197714137287,317,797,7431.721540153446,12,0.9972272046291317,0,0
494,23,1772.8772042465175,220,785,15310.011011527855,36,0.5248167503647412,0,0
495,32,7942.340654987217,355,344,7369.821101447034,48,0.5439364122902682,1,0
496,71,4581.352645696268,21,613,15636.18278238038,24,0.3918430129328524,0,0
497,60,3661.854522680167,179,478,7039.070190180935,36,0.3100404187314143,0,0
498,54,7079.809374792153,328,717,20292.459774114446,24,0.2515455531329448,0,0
499,50,3788.768920526272,230,855,1796.8277985744044,48,0.3434206161306739,0,0
500,25,8652.019427093872,37,377,5216.15334147716,24,0.45985108090043214,0,0
501,70,6355.851742678538,69,625,9223.161329048386,12,0.19199195023079008,0,0
502,61,4024.177183708595,115,989,500.0,24,0.22487509180569587,0,0
503,61,9314.616426531007,238,656,500.0,36,0.27154476866843913,0,0
504,22,3788.5701539933234,334,715,500.0,36,0.44925989193083915,0,0
505,56,6484.190744018614,147,814,8539.55394844496,24,0.6528133668142431,0,0
506,21,5598.585160812984,8,513,8666.449950579436,12,0.8561461502862873,0,0
507,23,7603.482578797596,287,373,11664.997406164328,48,0.2871318371871433,0,0
508,62,8123.022393453705,49,862,9014.992591118287,24,0.18372834034143737,0,0
509,49,5064.008298131534,337,878,11497.582322554246,36,0.378847464850555,0,0
510,69,3493.164259307633,4,808,7748.917927807988,36,0.8943830763718558,0,0
511,47,5919.944285878233,342,631,13574.078787358405,24,0.009860728337139468,0,0
512,64,3644.5692604957876,125,392,12971.55001586761,24,0.6778686160577454,1,0
513,52,9026.774495053247,74,987,8366.536900712405,24,0.4771600464115815,0,0
514,72,5273.0706621654745,164,956,12665.057173361953,48,0.16104621496068006,0,0
515,57,4269.356897375783,277,818,9046.770320256654,36,0.3210215262744667,0,0
516,69,5369.360611729817,323,568,2388.370423034473,36,0.22495004387703388,0,0
517,33,2305.747420940607,299,675,14522.483206913108,36,0.8778321678901223,0,0
518,30,3056.771922978697,289,303,5465.919767007854,48,0.48187338394499024,1,0
519,67,7400.827815888851,76,437,14469.119775708836,12,0.5630942778724928,1,0
520,59,3686.211442057209,297,530,11620.133860585118,36,0.5936876193370206,0,0
521,47,2906.1780346361206,136,899,9577.388454914386,36,0.6396171246023561,0,0
522,36,6073.305505054573,105,828,615.0330227445702,12,0.49555569037592995,0,0
523,34,7371.408309325994,94,351,17698.727787072217,48,0.01787353083631582,1,0
524,73,6437.906621330134,134,945,8184.4306932295585,12,0.3347226869146519,0,0
525,36,6992.095371611633,67,624,13172.817935777915,12,0.1838732407209912,0,0
526,45,3486.4098228610783,146,576,9430.129383146093,12,0.6801428429116769,0,0
527,72,2156.3786665163125,158,835,8642.82332218806,12,0.056704651370046655,0,0
528,43,8002.667303910974,162,785,10964.039191984946,48,0.5638033911116442,0,0
529,54,4354.640322315729,340,815,10132.861417209235,48,0.21063172227430094,0,0
530,43,4498.333967089905,188,451,8665.036049121061,12,0.9488458384670612,0,0
531,70,7656.388283698116,338,782,9723.427206939237,24,0.3355409421865355,0,0
532,40,6112.46001880132,94,558,12135.323281358551,24,0.32522119137463423,0,0
533,26,5911.775544163215,180,623,12489.095883791473,24,0.9233846679907237,0,0
534,29,9330.004689802168,287,467,10216.786063719646,24,0.41734792030414136,0,0
535,70,3712.963539239714,321,987,13104.684949072194,36,0.9628623341857422,0,0
536,18,6855.6802561624745,186,609,7879.650977784568,48,0.024170352133503492,0,0
537,18,5114.026249794169,137,778,21124.431904982277,48,0.3063445752021463,0,0
538,64,5537.184557726514,129,355,17427.943040038903,12,0.6661929602664312,1,0
539,51,8056.936852825063,193,919,13812.214974158056,36,0.8908569645276385,0,0
540,49,6015.671512579247,315,772,500.0,12,0.2564055930082839,0,0
541,71,6076.592158099265,272,595,13030.09569427491,12,0.9304775919636682,0,0
542,65,7145.014674619604,351,760,8316.814585689728,48,0.5941214664991882,0,0
543,42,4270.09454091423,143,623,5106.596342953236,36,0.801008243197916,0,0
544,57,3321.580665321987,15,440,8189.519748475901,24,0.3972073043068972,0,0
545,62,2910.381611957933,301,966,5660.8263303529,48,0.21218038256687333,0,0
546,70,1412.0,244,561,12534.01546879753,36,0.9112354154476932,0,0
547,18,9112.414259880645,106,719,18079.970312816138,36,0.9331358684062186,0,0
548,33,2793.583268556634,87,540,14130.14395853391,48,0.4975751441541355,0,0
549,56,4557.492752828456,128,654,23812.626203947926,48,0.006495015999256504,0,0
550,22,4446.373400222159,340,888,2231.9378521229773,12,0.10978295367040447,0,0
551,39,5614.813395618202,3,479,7469.8264776544665,12,0.5730279602317218,1,0
552,46,6631.474425078593,326,365,5284.874038288448,12,0.02377670230188622,1,0
553,72,6720.9469767194905,305,647,16146.841571799292,24,0.3969119239866953,0,0
554,20,3833.8451228621234,94,470,8897.248215107309,48,0.3033699455720126,0,0
555,29,4665.756572427177,208,773,10947.58098238627,36,0.7143482754022047,0,0
556,43,5565.1599009766,224,833,13168.427659865298,48,0.05557867294793528,0,0
557,33,4502.617747632906,347,666,2726.0557473162908,36,0.48873126897728747,0,0
558,68,8214.691152039984,320,406,6893.255183975016,24,0.5791142698756053,0,0
559,54,5981.9499032765025,46,738,14986.329768489572,48,0.6172910760526177,0,0
560,39,6469.755572099635,180,526,7259.560497460402,36,0.40515767201694086,0,0
561,74,6325.7625373348255,105,743,1431.7851546565398,36,0.30436778342955095,0,0
562,46,7346.94771497065,198,741,5488.685561578758,12,0.6824930337371488,0,0
563,31,5362.043117407414,105,695,8568.659731973672,24,0.847569048102495,0,0
564,45,2406.336104088307,279,880,10833.80259944714,48,0.6936176377828788,0,0
565,22,5799.3759035052835,259,383,9645.933450247403,12,0.9321023654572216,1,0
566,64,3697.286212416342,107,914,6928.910790285128,24,0.7172635253579271,0,0
567,66,3942.766636500486,18,850,14696.567194242347,12,0.7646187340136184,0,0
568,47,6172.728037510186,295,312,9354.695317190457,48,0.16790319660208886,1,0
569,63,7476.566142867272,305,992,11047.006809989618,36,0.4195396445267118,0,0
570,69,5042.543153472123,170,792,7195.22011305784,48,0.4850553309559652,0,0
571,22,5617.666025197927,330,567,17544.70132120106,24,0.25629316229460763,0,0
572,29,8404.429889270476,194,824,8041.844473965696,48,0.5285398603562879,0,0
573,33,5481.506358977136,11,419,10373.464332966303,24,0.2907919442218475,0,0
574,43,10203.36622836079,194,652,15174.997210634401,12,0.687502092804416,0,0
575,43,6131.019291263088,282,356,11400.211305299796,24,0.47028847670317586,1,0
576,65,1478.4744816883644,181,339,11275.448482187407,36,0.4588069542690356,1,0
577,38,6506.683242209065,304,635,500.0,36,0.9836425310328117,0,0
578,56,5762.316769765555,143,939,13403.175008469423,36,0.39244484854257045,0,0
579,53,7579.505508165492,315,472,10277.93470106745,12,0.3622954325895683,0,0
580,50,6346.362702539916,181,846,12707.82551586275,24,0.3186043712826544,0,0
581,47,4723.088032032452,29,558,10916.065241844182,12,0.8947492209757981,0,0
582,54,2551.4035274212683,83,816,7204.2122143856395,48,0.4967238260981782,0,0
583,40,4581.953485427949,165,822,14471.535832747973,48,0.6000144774806355,0,0
584,27,3298.9590915813997,283,416,10990.63305639958,48,0.180818479002395,0,0
585,71,3838.9531003905545,280,483,3553.067544785451,48,0.5409423600049269,0,0
586,22,6177.156808841219,95,415,16542.585781730813,36,0.2746481928684883,0,0
587,53,8339.809008702812,265,461,2847.6021780626406,24,0.7306369212628775,0,0
588,51,5789.343059645962,297,878,14504.646171252713,36,0.8325283487923821,0,0
589,69,2608.2338759296313,295,842,17434.658859651034,24,0.7148106921312776,0,1
590,48,5889.205336440282,224,886,4468.522820183685,24,0.7302441662702573,0,0
591,27,7393.262973291303,332,536,9386.19106631056,12,0.512474704119517,0,0
592,36,3780.4341913612357,41,365,8920.258769329117,48,0.7121180563341353,1,0
593,49,4731.965666654165,302,369,9145.144224095557,24,0.4226869355081603,1,0
594,18,5029.376389458394,245,746,19151.191776165317,48,0.651489153529613,0,0
595,73,3430.2033738355203,207,715,4526.405635414406,48,0.2590392101205147,0,0
596,22,6296.560867687718,236,831,8467.164775605008,48,0.06975701231201015,0,0
597,62,4758.103702784437,21,740,17516.612494108755,36,0.4134732641219685,0,0
598,21,5839.0648878140555,184,763,8385.25585830426,48,0.46177815578049,0,0
599,33,3225.0156443958,241,695,5321.101420667519,24,0.25640715818869,0,0
600,41,4125.08339935318,282,850,11315.07340884874,36,0.7277095184072376,0,0
601,33,6444.762715655543,40,956,14028.202708535076,48,0.0735504789762792,0,0
602,72,4254.333695816466,335,856,8035.795149258513,12,0.22274832437918857,0,0
603,19,8453.92770246681,161,694,12771.841954037725,48,0.7485647184536268,0,0
604,66,4200.7276287707955,159,625,3116.924529627183,48,0.4371242737400124,0,0
605,45,5449.369451503771,88,390,3394.8645829070283,36,0.7052836240393124,0,0
606,49,6865.18166374618,321,369,7799.568598736863,24,0.5674858777835963,0,0
607,44,2163.2685341339366,11,465,12950.08709995864,48,0.9507127499973624,0,0
608,37,1478.3823760384485,72,941,13807.48990492543,36,0.597795832722833,0,1
609,41,1948.6873708598105,75,513,4089.9197627096837,36,0.014868974345519703,0,0
610,29,7525.168206854364,345,900,13622.103523662898,24,0.352877350504334,0,0
611,67,3896.2837082151063,200,634,10832.5352021739,36,0.1430606822047077,0,0
612,52,10116.398571336504,9,668,5603.976527743411,24,0.9246336775977032,0,0
613,50,3871.504802685223,351,883,3329.0582398850074,12,0.10401245428508032,0,0
614,50,5369.1026063940735,225,976,11149.115774521628,48,0.3877066631310875,0,0
615,68,8084.219905135751,175,348,16447.81612082723,36,0.22609919362669217,1,0
616,60,9012.185776318245,275,351,10177.612153889786,12,0.8467219903967333,1,0
617,54,9123.007153272796,38,588,5325.395752968818,36,0.30856649758891697,0,0
618,29,7416.732461186285,59,925,659.8885646028666,36,0.991893483142645,0,0
619,20,7048.125051622925,65,538,17647.454234443045,12,0.03861660561225089,0,0
620,18,6185.053898402366,320,432,15209.253051598811,36,0.12827677246256586,0,0
621,50,6556.7221523332755,123,465,11510.384243858007,36,0.22463877642910912,0,0
622,57,3897.628567342933,163,673,17389.969836327306,12,0.8111060402001594,0,0
623,27,3363.602233155386,158,672,11119.595498767972,36,0.8785172090640158,0,0
624,60,4993.251085178096,56,777,7344.815246911584,24,0.07145138060942235,0,0
625,61,4659.6307549501435,77,778,12775.66122525105,36,0.03246014176227641,0,0
626,46,4093.5439013454497,193,949,5851.371618661043,48,0.7445568571045793,0,0
627,30,6392.774894913431,284,890,5021.760910734096,36,0.13335200675361347,0,0
628,29,6910.610417141022,14,981,13858.035548036343,48,0.13299858707463919,0,0
629,48,5176.813772583695,11,934,14278.79383782041,48,0.02236653449442927,0,0
630,63,7955.060162110523,100,987,3631.3085975629538,36,0.04980787758342187,0,0
631,19,2716.62177173299,155,599,3816.0115877907183,12,0.26367545859548913,0,0
632,68,4612.6810814405635,339,381,7774.751531834942,24,0.0650054894108063,0,0
633,67,3566.35535879439,124,386,6443.475834101686,24,0.36887909165927557,0,0
634,52,1412.0,358,524,12382.443815826844,36,0.8327750312273491,0,0
635,40,4834.638628314601,279,315,10240.24918882795,12,0.32632025732159264,1,0
636,34,4756.5049832334325,109,657,15824.531288183027,12,0.7278341625793716,0,0
637,43,8026.8994864842625,333,462,11586.288626169917,24,0.09390996483103009,0,0
638,25,6261.623369109555,356,909,6777.115851641611,12,0.6593751874194929,0,0
639,46,2951.62635134159,145,967,544.3556905677724,36,0.316747183257435,0,0
640,43,8708.185132668375,215,813,10897.279921385885,36,0.7497528786970381,0,0
641,27,7442.067391050706,161,649,1448.3594488186136,12,0.13625201405638188,0,0
642,43,6164.195406937231,127,980,6715.223815395819,36,0.8978833777644819,0,0
643,51,4547.0318023003365,313,763,6391.366109516623,48,0.2425772028979366,0,0
644,68,3081.1215265530404,331,674,7457.864425582843,24,0.35313779328117645,0,0
645,58,4255.586447857894,149,391,3419.8287003657115,36,0.9501807108180417,0,0
646,24,7177.4972394083725,35,480,6373.616959450252,12,0.5784823597308589,0,0
647,21,8769.172611869219,172,600,15729.522892259,24,0.36577151896302196,0,0
648,70,8086.487056544378,21,959,15715.742437874665,36,0.9496021470336317,0,0
649,67,4022.301156427452,205,488,17662.498877329854,24,0.329077416890032,0,0
650,62,2760.7651334219777,126,613,10050.732628718872,12,0.09487071267517977,0,0
651,28,5281.772493822408,335,792,11356.095644491232,48,0.9968488878594198,0,0
652,46,1463.1212688742967,355,427,15803.057088468291,48,0.26784492055891385,1,0
653,73,5646.335428369563,216,818,2646.695215314413,36,0.8512578486996074,0,0
654,53,4704.794827402663,95,725,14028.142533518507,48,0.16554079482308726,0,0
655,42,4067.9269962635153,163,858,16511.723616978277,36,0.731353971777378,0,0
656,38,1810.5938654664092,147,864,5555.198369811881,24,0.524449394472252,0,0
657,74,6027.200213139433,17,486,16913.195728018298,36,0.9809065582901296,0,0
658,53,3934.5983206761775,293,849,20288.580401507916,36,0.5528303560923995,0,1
659,27,2660.166328579424,194,752,13889.233352554143,36,0.025015151890854126,0,0
660,54,1412.0,150,770,12972.521843300618,48,0.6038779896240879,0,0
661,26,4944.970189898728,122,864,4401.119754353707,36,0.14531645633662604,0,0
662,41,8544.503193339488,186,523,15346.019645204622,12,0.7985409152820871,0,0
663,52,8322.51842909574,148,453,4872.046736814435,36,0.856568196489899,0,0
664,66,4085.807486827456,103,859,11848.704013201817,24,0.4820935187947143,0,0
665,52,3795.575879276439,242,650,12355.475536655124,12,0.7832214570522986,0,0
666,65,5937.548512150048,230,446,500.0,24,0.14511073548160514,0,0
667,53,3003.229121623417,205,875,12029.016917678755,24,0.49207818653564606,0,0
668,35,5603.583799638932,197,648,23107.37393239244,24,0.39394426469058463,0,0
669,66,6532.1605567693805,336,481,500.0,12,0.6113173870530814,0,0
670,56,7453.866447768615,86,936,9730.540029934326,12,0.044477188803159984,0,0
671,49,4799.691847040094,141,478,500.0,48,0.7521228382486274,0,0
672,41,4592.6524996460685,316,338,5529.292805974114,12,0.07912928947468367,1,0
673,40,3244.034826486878,198,302,500.0,36,0.6564715175301649,1,0
674,49,3346.23929192028,45,363,10797.711634986088,24,0.018457225539944222,1,0
675,54,4547.042216196946,287,328,13968.024016297972,48,0.8318880637567295,1,0
676,29,5734.731013632356,14,671,12048.693163845459,12,0.17469963022378132,0,0
677,66,6827.169252466499,43,822,5349.087652712139,24,0.5154974759769905,0,0
678,72,3393.6420986393105,168,396,6953.026217020362,12,0.26149290372761935,1,0
679,30,7985.377137919044,309,741,11361.363430428195,48,0.7226472020610685,0,0
680,40,4457.752797914863,43,502,5505.380049305397,12,0.32135110018972124,0,0
681,42,4957.265411303128,97,710,3356.0244574217913,12,0.7246091935883172,0,0
682,52,3505.5766417043533,260,320,8804.364699490194,24,0.2848712068354765,1,0
683,58,1412.0,108,850,5276.458953637962,36,0.75247309093576,0,0
684,47,6768.0907927221,282,401,12057.789586268213,12,0.030605496336904237,1,0
685,34,6473.687794184867,342,345,16493.487001584588,48,0.28331133537384845,1,0
686,66,4437.344885763573,103,365,22987.917013528815,12,0.49863350644027893,1,0
687,37,5133.981434449744,255,902,11690.33456069825,12,0.04505958191972548,0,0
688,65,6031.878435408199,205,463,13229.860814097685,36,0.18603406137127865,0,0
689,42,1874.9082862269147,334,410,7003.413283529362,24,0.9345369816412032,1,0
690,39,3941.8946453074104,42,637,7313.116128892276,48,0.9768342651801892,0,0
691,30,6588.529359243654,352,422,16420.281232704696,24,0.7397499473904856,0,0
692,36,2491.421153661501,244,746,8618.360999266111,24,0.25220005061691286,0,0
693,66,5587.115864333258,286,910,10364.736893028912,24,0.260517445435969,0,0
694,53,2286.83639075319,354,590,16114.878350641673,12,0.6457903577950729,1,0
695,29,5932.859964867052,272,970,8656.864140567051,36,0.11759961659870177,0,0
696,58,4928.717035405033,82,711,17502.102188440742,12,0.9483093804303666,0,0
697,36,1769.736368188981,109,914,12865.146680257025,48,0.22481289951018457,0,1
698,29,7329.478708914343,189,580,12276.990854891075,36,0.9996356254254438,0,0
699,26,3530.8168464039018,287,342,6759.05426466328,24,0.4957337953024604,1,0
700,24,3379.495125971238,250,785,12545.629975250526,36,0.7714299889929364,0,0
701,45,5401.138394461886,211,895,7854.770260668768,48,0.0021840945055572325,0,0
702,31,7297.274698857431,290,350,12347.044280978524,12,0.8887464047516419,1,0
703,48,2968.356362043206,132,509,9490.874671197855,12,0.27000204478058043,0,0
704,69,5123.359699695943,200,425,14834.047854920596,24,0.6679367445480653,0,0
705,36,5857.633000661146,284,791,9841.144136016224,12,0.8063552807935896,0,0
706,64,6386.211214526288,325,808,20189.287751183485,12,0.16414774055900205,0,0
707,33,5352.8831105544505,94,880,8622.26510802137,48,0.44250948132922896,0,0
708,70,4265.944321833355,277,557,7327.126189882449,36,0.4938359406519234,0,0
709,22,3344.8195587025607,324,487,11730.568934006269,12,0.31211946533920454,1,0
710,52,5172.28776609275,218,529,15389.355279137366,48,0.48175582972898146,0,0
711,29,2855.7219760287862,88,488,15350.49242413637,48,0.31754565765533804,0,0
712,42,1412.0,71,714,10833.907222012487,24,0.36074774505520923,0,0
713,69,5873.119608315335,246,309,11695.445804023926,48,0.669331178702739,1,0
714,38,6807.869682172391,128,413,11702.690286862116,24,0.6325932683049971,0,0
715,53,1412.0,211,375,4610.635931859374,12,0.23226572579752525,1,0
716,70,2980.538590580125,342,975,15120.367208830485,24,0.8974828847954246,0,1
717,40,6238.308522010396,95,801,3710.7178393966633,48,0.8627885456713906,0,0
718,33,9114.990939423398,74,384,4620.006621076041,36,0.5090833066899516,0,0
719,74,5041.587415350816,53,348,10275.135422607325,36,0.43325074269575037,1,0
720,56,3543.994117541731,343,794,8400.701329272291,12,0.37685598298410883,0,0
721,62,4634.20711779032,53,988,13980.786996877248,12,0.7072679186664391,0,0
722,70,7749.75283829637,217,686,12236.763363350903,36,0.6716660572094705,0,0
723,59,3708.0716417509293,15,688,10691.006935353462,24,0.19618060693797867,0,0
724,56,3401.615986699493,98,517,4372.330020139749,12,0.6714580313003613,0,0
725,31,4034.512955635935,19,645,10132.80052431701,48,0.25243119410203996,0,0
726,48,3093.342783482575,45,529,9737.442654392918,12,0.018558336523525565,0,0
727,22,5245.340631989591,192,554,11110.93368451085,24,0.699208677537377,0,0
728,52,8249.356916939121,57,535,7849.809972861811,12,0.6447936024607496,0,0
729,40,5646.158546232058,110,325,12614.087689967715,48,0.41080926237434146,1,0
730,46,4495.292995747424,128,883,8267.194811465666,48,0.5256860559195061,0,0
731,60,4416.377462168912,336,560,12145.567325645561,48,0.9471691917057596,0,0
732,28,1873.6183826066858,193,570,13980.237870428755,24,0.5952001809054377,0,0
733,35,6766.219554294318,339,422,7327.022506738131,24,0.6578839353365314,0,0
734,64,4844.325605974396,325,955,6139.207649092575,48,0.06391132094914109,0,0
735,29,4639.040172818749,7,556,12381.830782346697,48,0.16599446067512524,0,0
736,26,11386.215135689723,28,955,3394.5015964278527,24,0.30095227641158817,0,0
737,27,5597.505816731373,111,720,15558.32377446031,24,0.5393793180281431,0,0
738,61,3496.4178998096313,160,558,10054.813085584874,24,0.7765908959833212,0,0
739,34,4147.284807588913,130,346,9426.207990508174,36,0.321240877788587,1,0
740,55,7296.891418393509,187,824,12730.07959175613,24,0.35638243047877394,0,0
741,24,5226.540821075529,162,507,12419.772602110483,48,0.25615088517374884,0,0
742,63,2123.4440433652667,196,610,10032.590374894537,36,0.2546093292953059,0,0
743,30,6838.457869150407,203,448,14393.08205300957,24,0.9488638458947966,0,0
744,57,3663.711828922012,211,737,6638.058473248739,48,0.63545717961889,0,0
745,59,8746.59555243509,108,454,13561.782466468127,12,0.15590124353994683,0,0
746,26,7160.096131429297,275,977,4606.8826416546235,36,0.7222485780842599,0,0
747,67,4105.356208682498,72,389,12553.244955325668,48,0.722021143360029,0,0
748,44,7562.032723470225,166,997,8360.633517665214,12,0.666470196053705,0,0
749,19,5135.711021054806,259,657,3444.5696881540453,48,0.1347204450906636,0,0
750,22,6705.547350244439,242,473,11283.214085721864,24,0.4079914834695869,0,0
751,46,5969.46563458895,274,516,9827.867534246354,24,0.10675633049441313,0,0
752,54,3307.286690018253,101,755,2286.3724525893567,12,0.8166205040921365,0,0
753,55,3712.900335365076,172,908,500.0,24,0.6551721431779193,0,0
754,36,7059.921635162322,170,928,9238.680832912525,48,0.5072039367678184,0,0
755,25,4330.449335786918,140,498,18091.129803509135,12,0.3430154765005966,1,0
756,65,4192.703073516007,187,785,11605.075041029553,48,0.1842494744944334,0,0
757,62,3089.754841301294,85,832,6658.483816427779,48,0.1064475888331079,0,0
758,18,5847.198131186922,51,499,15409.347578439283,48,0.9692406075368996,0,0
759,39,9125.049838486291,110,670,14536.118089372794,24,0.19964864195602305,0,0
760,69,2864.9341714914544,341,747,16357.895389946929,24,0.05987462672138566,0,0
761,34,5048.438913345516,42,547,13419.488821713534,48,0.9616667721824964,0,0
762,24,7824.441110830859,210,563,14429.511615556039,36,0.5489517413578271,0,0
763,42,4840.71721750857,199,357,13655.54265506282,48,0.7966567349911429,1,0
764,62,5904.743592499468,297,601,7612.475262917862,48,0.04376584719831855,0,0
765,21,2875.2129437062404,345,330,1813.5963029820232,12,0.5669458574796546,1,0
766,53,5856.614194415297,239,797,7394.323021034741,48,0.39820996411799514,0,0
767,23,4625.7114699909025,114,548,15524.684885006769,24,0.7719644343498835,0,0
768,48,6971.459991359726,25,904,8094.945819527142,12,0.03842564563905859,0,0
769,36,7374.772103129502,298,570,9272.70474446322,36,0.40169056856161434,0,0
770,61,10179.127284037228,76,905,4171.075334267775,12,0.799073419486196,0,0
771,71,6159.266346427152,136,965,7244.552139203885,36,0.52269726463837,0,0
772,56,5651.592633164333,19,693,9954.554166082871,12,0.550038740998604,0,0
773,44,5388.768603154672,210,801,12462.810889293767,12,0.0971646819659655,0,0
774,27,4293.667414378623,239,891,7706.695164121667,36,0.13233055612009137,0,0
775,43,5676.967686923383,38,383,7357.312871911505,24,0.6769996053657859,0,0
776,36,4409.197179721941,267,664,14210.877825744341,24,0.6750466222899199,0,0
777,56,5336.921952539228,206,848,11626.332632191119,24,0.9791033942522733,0,0
778,20,7635.19507121592,266,641,12243.362325960748,12,0.7119529880655504,0,0
779,62,2986.9148694407177,153,706,17641.602930341855,48,0.4932434959334473,0,0
780,30,7279.757122258091,41,724,7474.628057948214,12,0.8573278235335529,0,0
781,67,7634.23013467973,10,392,9754.904147591824,48,0.10447298581593623,0,0
782,45,4763.862946017843,293,913,12755.798872115733,48,0.4492958208962545,0,0
783,37,1412.0,97,711,5642.463191709932,24,0.28710911092756974,0,0
784,45,3784.356025811135,274,731,11145.248691260595,48,0.10463780692762559,0,0
785,25,7593.989093122218,229,977,10110.982486295501,12,0.7635020847203663,0,0
786,58,4954.2638754022355,219,458,23886.49705784562,12,0.5107920304988839,1,0
787,56,3001.395535410178,64,313,10499.347508325367,24,0.5567687198974907,1,0
788,18,3990.450157543565,354,672,15784.69882782166,36,0.411255187910329,0,0
789,20,6681.240053009106,231,524,14149.716069234213,12,0.4603372316027352,0,0
790,30,6093.467136402758,327,804,4217.191984295062,48,0.11601738712300314,0,0
791,45,4522.135801660612,51,372,2255.8808101965014,12,0.6729178242869764,0,0
792,74,4266.351176370625,262,548,11235.073026831471,12,0.43244735960521374,0,0
793,66,4216.483701912356,266,810,16286.673310734772,12,0.8167675731295833,0,0
794,42,3155.179631002995,358,902,11439.574097815872,36,0.1962872001430761,0,0
795,73,8230.751378938883,316,515,10394.259020085872,48,0.20505509341883577,0,0
796,50,4355.35906157732,323,901,8579.566735253751,24,0.6457595715306877,0,0
797,55,7434.317041650993,153,840,3380.1937670179796,12,0.8460034233973969,0,0
798,70,8042.632103844902,357,519,5197.396412054939,48,0.4721978386181753,0,0
799,23,6996.621796295921,139,520,1888.4315558015105,48,0.7269538687331,0,0
800,61,4136.759374563903,50,688,4484.767004433743,24,0.9993299214930856,0,0
801,62,5807.460180673219,116,853,7369.958812853248,12,0.9902656397289281,0,0
802,49,4951.608787218168,45,946,13880.08010758493,36,0.7443368428217001,0,0
803,62,3192.5962785397437,308,341,7774.663696022012,48,0.7395864896782488,1,0
804,64,5648.718563443206,87,975,11278.128927748588,24,0.24761888719890568,0,0
805,38,2641.920417680395,207,582,10676.146055883408,36,0.8335396315437738,0,0
806,33,7375.358776923127,268,357,12495.244177414868,48,0.40510212704712056,1,0
807,71,4070.7654054032137,88,836,4825.925342413706,12,0.9619939098668226,0,0
808,38,5402.3193117456785,117,372,15295.968575617742,48,0.08142768870693551,1,0
809,28,5566.575743092284,53,428,2964.1150752320355,36,0.43584036887272604,0,0
810,54,4482.190052591845,115,898,7760.933988066963,36,0.5558404876834986,0,0
811,53,6173.38760295055,117,725,9895.472961117108,12,0.40515620708616484,0,0
812,52,4050.192686754951,259,964,13800.724240748736,12,0.21057919050494334,0,0
813,36,6742.594594914488,74,993,16896.546677753766,24,0.5929884887825099,0,0
814,37,2308.040639506503,304,424,13840.157600641951,12,0.7559179146251376,1,0
815,74,5252.759159092823,6,366,17079.581787279294,24,0.6448385960201964,1,0
816,35,8877.85799811657,121,305,5854.120352463477,36,0.2344488488080395,1,0
817,64,2999.3373507888505,10,936,15951.852400356049,36,0.7316079443685239,0,1
818,58,3644.510058950297,347,613,15093.283649566503,48,0.25689780604456325,0,0
819,66,6027.81569931783,214,625,500.0,48,0.17520236292404,0,0
820,31,5359.163563879196,278,864,8897.678780528619,24,0.6906680154387221,0,0
821,32,5701.260198547118,27,877,13010.187116908912,12,0.8427872461139291,0,0
822,48,5978.374260295327,234,805,7422.930672772807,12,0.4815394476965744,0,0
823,18,6269.44293712354,312,381,4570.874138518817,48,0.5313917931384378,0,0
824,70,7219.399683912447,25,898,20570.876089709374,36,0.30274757047123246,0,0
825,71,5819.637313857025,53,301,10555.200754854533,24,0.4946180151100322,1,0
826,71,4517.484690762915,28,503,10692.027170770305,36,0.1319829980124072,0,0
827,20,6345.147402405462,352,961,3455.02942562467,36,0.95583082968299,0,0
828,33,8799.763869790431,163,703,6938.195021018804,12,0.8003606536565963,0,0
829,40,4734.732507234853,269,402,5510.796853140484,24,0.6679730608221848,0,0
830,74,3050.941390658717,333,835,15394.876150696515,36,0.538194371684403,0,1
831,28,7214.161338573946,34,667,12523.16810463026,48,0.7921691362279645,0,0
832,29,4759.237672092803,285,511,7147.181535967353,48,0.4947572395858043,0,0
833,27,1412.0,347,876,12802.501193331072,12,0.2999739081545325,0,1
834,49,6694.843354300843,272,508,8732.399271294613,48,0.16037423516667204,0,0
835,33,3929.3436280921546,207,416,11172.453589892708,48,0.6475855888018073,0,0
836,25,4818.933435391678,237,927,11148.819435928532,36,0.9294257450265141,0,0
837,55,5663.9606611380295,92,777,12101.336052397995,48,0.15361855350435116,0,0
838,29,5380.999359558133,172,404,11498.25961698373,48,0.18001804505080676,0,0
839,41,6418.903634278079,78,794,12105.248255824543,36,0.4336060334095351,0,0
840,45,4129.027258860313,109,345,16279.04155242787,12,0.806899347919689,1,0
841,70,6026.2115963521655,216,630,13202.81376536762,12,0.2939227289715046,0,0
842,25,4480.9066448321655,357,515,8315.491186370202,24,0.25391292467002813,0,0
843,45,6477.620961775006,105,791,9510.236270074127,48,0.6199662914628339,0,0
844,53,6230.734968026107,46,748,16150.852939985332,36,0.5356147818743319,0,0
845,43,3129.1225959108097,180,835,10562.112274741074,24,0.06022036444523626,0,0
846,25,7171.964232350065,63,810,8129.907913214502,12,0.08148997730927654,0,0
847,67,3928.073109771904,245,757,6844.30828934982,12,0.6430129801847662,0,0
848,45,6616.11559656229,243,846,11365.190540831236,36,0.46512359914777957,0,0
849,45,5734.574626802681,319,835,5725.7159872721195,24,0.970977191589147,0,0
850,54,8676.367353590245,86,839,16423.977119171534,24,0.6785314107300647,0,0
851,58,4553.068035256296,216,783,4810.908231214601,36,0.010073661993231453,0,0
852,53,4301.366407763605,6,315,17390.338627597106,36,0.4810187798004618,1,0
853,44,4961.160788224534,277,870,8573.848420637754,24,0.4144479350354795,0,0
854,71,4393.640434331449,336,542,4616.313231861721,12,0.1067138599937687,0,0
855,34,6599.8838038841,209,506,10945.878692826882,48,0.92320883587219,0,0
856,26,1767.3787831268241,168,570,5234.804208928554,12,0.8050112990817236,0,0
857,50,2892.635161707292,329,414,10171.858805151302,36,0.23008590842000187,0,0
858,70,2864.394156841614,137,879,7112.282342003338,24,0.2559807588429972,0,0
859,37,6900.615183947151,305,598,14725.366339345455,24,0.032018053319450956,0,0
860,30,8421.22674516385,229,782,10683.748049688162,48,0.29671745157904095,0,0
861,45,4791.101562925057,307,696,4057.495839627325,24,0.5846220089133536,0,0
862,65,4662.3565536199785,160,693,7014.817297869973,48,0.42084338838666824,0,0
863,46,5140.104326226363,0,374,13524.736247965648,12,0.9692554637196809,1,0
864,30,7323.756605216381,235,781,16435.460518952375,12,0.056080169263670876,0,0
865,63,3145.293731618852,187,402,9773.625962661581,24,0.5914301588990106,1,0
866,52,5476.737965469571,3,596,4778.0171906554815,24,0.858309440507048,0,0
867,23,6950.39525956486,131,477,15270.181554254441,36,0.4807409124097226,0,0
868,35,6002.188339879691,217,514,13502.818374466875,36,0.0029627205603968143,0,0
869,68,5379.163233197487,259,614,16532.697921512747,24,0.2428014998262752,0,0
870,22,7002.092185134283,0,338,11451.045592106533,24,0.32376897566796614,1,0
871,64,1412.0,70,558,7397.015421015535,12,0.9659944945574624,1,0
872,42,6355.7506390618155,177,306,12584.442426977897,24,0.9117732818386994,1,0
873,19,3691.8486337451523,188,348,11631.646117207909,36,0.9491705051076303,1,0
874,27,1412.0,290,837,7125.631540769827,12,0.8257584576169683,0,1
875,73,6022.405199049961,7,460,10993.19291923703,48,0.3516477341139044,0,0
876,47,7747.317090325916,252,475,9024.870555889767,36,0.9058764220962006,0,0
877,67,4725.102970744616,291,890,13717.689224918402,36,0.9816845059370488,0,0
878,62,6905.749094405877,243,301,12460.034551577173,12,0.3500713122749529,1,0
879,22,8224.55651597729,122,754,4742.043033594051,48,0.2605559659864489,0,0
880,72,7629.828907168095,298,943,4237.887103195046,36,0.5469162927822213,0,0
881,73,8279.929058742786,282,575,9550.944132132232,24,0.18715219259893,0,0
882,50,6484.254982143784,31,797,10164.096426896578,36,0.032624221406380216,0,0
883,71,5150.867277803186,333,928,13804.883870459133,12,0.9458311711158697,0,0
884,18,1796.0683762056628,145,975,12566.519552809445,12,0.9257406324414192,0,1
885,35,4507.875023740103,155,327,17293.428216063712,12,0.16265385376212105,1,0
886,49,3313.5068093676164,15,632,7664.032678622851,36,0.40774024692971944,0,0
887,64,9341.885434995627,354,300,7378.5696528639655,48,0.8310363132726856,1,0
888,66,4648.228375135327,46,487,5200.92997177478,24,0.661000298820853,0,0
889,28,5246.4096135689715,250,355,13747.0355738754,12,0.3947875091707139,1,0
890,38,6102.970752080935,186,846,10108.760920079803,48,0.744170997182819,0,0
891,43,5087.204892744908,30,411,731.9824151917692,24,0.8970473882101909,0,0
892,42,8390.102080861507,259,609,11010.826888539465,12,0.926158330525868,0,0
893,39,3754.701276531096,16,335,11329.850839085355,24,0.378849611922189,1,0
894,44,5389.214910474486,38,738,9278.265286260783,24,0.17356068007281888,0,0
895,66,3515.0588286039037,303,891,11483.27426479209,48,0.9128388581939751,0,0
896,30,2359.9549775585883,38,894,3898.821503871397,24,0.09255544586102826,0,0
897,50,3776.4618181894293,131,876,18205.159170500134,12,0.7216883912281636,0,0
898,51,4925.926405903176,29,624,11901.297130379615,48,0.14049731486080164,0,0
899,58,4141.39555096548,157,939,1131.505584606888,36,0.3893868546676922,0,0
900,52,3615.1580402522877,277,606,9970.514503349455,36,0.41155574654502736,0,0
901,18,2187.3650726563324,202,833,12033.600998260572,48,0.15875791511208337,0,1
902,38,4833.78885474261,65,918,4435.339625384757,36,0.922681434006612,0,0
903,65,1990.5592519379957,107,408,12668.151395067189,24,0.0026681680092862647,1,0
904,72,6520.111927379205,267,671,18404.628115043328,12,0.8938085432166306,0,0
905,23,5164.879505869007,221,656,6778.154697252354,24,0.8838293234754855,0,0
906,45,2084.8970010701387,291,480,12142.19347934972,48,0.3169636536980016,0,0
907,34,4381.581845900273,17,655,11042.992994960985,12,0.7042842698792755,0,0
908,22,3495.6871888188334,89,975,14841.449999061908,48,0.2528089112983155,0,0
909,48,5638.349020838361,180,367,9455.790476879289,48,0.7587735622539384,0,0
910,22,7680.900892046289,254,591,4666.416868190655,48,0.5611197417877434,0,0
911,55,1412.0,252,991,14520.911234873533,24,0.30022545424765834,0,1
912,20,5230.052158294834,256,480,4963.697046399282,12,0.4002347536376546,0,0
913,70,4679.73440886672,345,765,19044.306889464722,12,0.6898887322384035,0,0
914,40,6342.680152900932,86,733,12803.846745075836,12,0.906097449643783,0,0
915,54,5426.393256475379,89,763,7005.536316923173,24,0.13072651656727463,0,0
916,70,3496.0613365223617,236,980,15543.258062531291,36,0.5713639696691571,0,0
917,54,4361.892128666764,69,833,9954.054829845572,24,0.25372919945711747,0,0
918,27,3407.948286393022,43,365,8892.972195029884,24,0.8013722498754592,1,0
919,27,7152.014277197197,199,320,6595.653119511176,48,0.07023730586948107,1,0
920,36,5042.623297343885,151,911,609.1050023408134,12,0.6889557901711698,0,0
921,34,8802.381371506015,85,683,13021.962851834136,12,0.1749460136910298,0,0
922,38,4878.678372370759,18,914,1859.3661909119637,36,0.5963854184032292,0,0
923,31,3583.186466179074,100,858,6033.528340743109,36,0.835692587192692,0,0
924,26,1972.5712147743457,94,338,12164.222769251386,48,0.7550806621216796,1,0
925,63,1412.0,253,584,7496.617992522427,12,0.7529428876836373,1,0
926,18,1831.7281139890206,356,901,10785.759353954742,36,0.5178453121869052,0,1
927,68,5534.253302022967,29,896,3931.5234302517347,36,0.8907455918497214,0,0
928,62,6017.450046459868,248,635,8257.703134310492,12,0.5881051982419979,0,0
929,30,1837.618595935733,32,487,10816.928524790941,24,0.9175179685495706,1,0
930,21,6790.076628152231,228,970,5242.637420321392,36,0.5465224578324176,0,0
931,18,4033.877896633121,11,542,18431.817388709605,12,0.505965563020003,1,0
932,66,5293.586023971098,117,372,6812.880435596363,36,0.22235301921031447,0,0
933,57,8224.441256510849,349,778,16892.083940079527,48,0.544786654030205,0,0
934,49,6793.678631731063,154,860,9160.972276267667,36,0.14058483124889698,0,0
935,51,4462.938704188336,245,400,2157.622169593231,12,0.8696902012595454,0,0
936,45,3217.6155491694253,331,813,4315.495957021737,36,0.6758918887082934,0,0
937,48,1412.0,246,475,10880.396444656899,48,0.9936354484929419,0,0
938,25,3561.6933615151597,28,537,15163.87876279212,48,0.0920974277905231,0,0
939,56,4577.739522344611,160,358,18848.885663126814,36,0.24067274984528686,1,0
940,43,3025.640945697632,234,398,10641.093642966473,36,0.8771586042661392,0,0
941,51,4737.48606581539,189,794,4113.7812625270935,48,0.3952540997689177,0,0
942,71,5153.703765917537,116,813,11392.425402723728,48,0.46630298998189756,0,0
943,71,4550.288036383843,270,596,5873.926633199235,24,0.8606518873876169,0,0
944,20,3699.9948383530805,257,510,11960.95810597276,24,0.5218232249499523,0,0
945,67,5337.309343933455,179,422,5292.627237972251,48,0.19347584941436813,0,0
946,29,5883.881299138819,171,528,500.0,36,0.8920301154097809,0,0
947,18,2819.201845114308,273,893,16584.278298099493,12,0.03106165642303349,0,1
948,71,7821.8647594925405,258,955,8867.916343273691,36,0.8953962676434433,0,0
949,61,4802.823735431477,134,687,10248.301669082908,36,0.05052022667233469,0,0
950,22,5037.699245889696,170,439,14983.506871197607,24,0.6658493646001281,0,0
951,47,6416.428846513114,209,840,19394.233546657273,24,0.07167937967533466,0,0
952,47,5466.432262527003,235,690,13600.403260744784,24,0.7062129859650655,0,0
953,74,6906.27326782649,185,569,10515.008081018057,48,0.03397132133295089,0,0
954,34,5574.248330403649,94,311,12314.3643805662,48,0.8424577277107875,1,0
955,65,3775.125250719124,10,688,8526.084783566814,36,0.46594395092998475,0,0
956,64,5723.007050412203,67,636,10180.571892448197,36,0.09345391266887793,0,0
957,40,2712.5475853586763,209,805,10724.31818929592,12,0.7068194450101439,0,0
958,32,5217.119411553046,195,405,6066.873715984333,36,0.4892901575037625,0,0
959,54,4933.540018711078,97,331,10105.867934389384,36,0.19094885887544288,1,0
960,38,4583.766285454921,92,373,11835.50926251965,24,0.015672373888725777,1,0
961,31,4742.924977122138,21,470,12585.08448787775,24,0.41799825972553717,0,0
962,19,1412.0,171,368,12186.618912146572,24,0.08562923072853557,1,0
963,28,3902.550184518077,133,661,3304.8739096281297,24,0.0941696982472372,0,0
964,68,5185.68980228223,24,948,16146.294712998284,24,0.26732954836267686,0,0
965,56,5319.712783994801,184,732,15731.406137269078,12,0.6304582972424243,0,0
966,55,2944.6497181480836,84,399,9519.257958906055,12,0.5299106085609492,1,0
967,51,7531.4156817294015,54,957,12277.54347552717,12,0.0689873082586806,0,0
968,55,3267.6503035709984,250,308,8917.231164457458,24,0.9684312758924698,1,0
969,67,6938.914401053474,143,873,13759.788314057332,48,0.8871686882945911,0,0
970,51,5854.38872374337,350,996,5928.640769333152,24,0.25922548714515825,0,0
971,35,3707.5453803123937,166,328,16712.302976454623,24,0.12233857596214126,1,0
972,47,8550.621785219024,223,413,13511.038059089784,12,0.9424028647569902,1,0
973,32,2612.72633648704,219,761,13627.168957844453,24,0.4611417778806999,0,0
974,44,6838.308347220003,178,442,9474.735617870914,12,0.3111669647714358,0,0
975,68,7001.164636085957,118,689,2936.907475336534,24,0.4903580351651874,0,0
976,51,3658.7595818467103,264,931,14419.673500603849,36,0.7727441445464122,0,0
977,69,7784.930600128658,149,981,3102.1933254872483,48,0.1683852983030545,0,0
978,74,4499.906970802094,214,456,14479.863301122728,48,0.7674958335093072,0,0
979,55,5577.387258559714,196,634,6139.363915838883,12,0.7494467879338654,0,0
980,50,5520.643677542442,41,559,2064.7567298469803,36,0.5393482048408798,0,0
981,41,4731.382517058904,52,381,10004.998518567654,48,0.8658422887495817,0,0
982,32,6621.616546319564,329,740,15914.002752692035,12,0.13214337816986055,0,0
983,47,6586.977441104425,250,471,5171.9812579065665,24,0.5954790066656731,0,0
984,72,1502.9360535236383,294,530,17995.17312197413,24,0.4493430525018216,1,0
985,59,7608.680485756306,270,374,13283.702719153374,36,0.4222921128358317,0,0
986,68,1675.0160239286515,122,569,10783.797611829383,48,0.25256107126952543,0,0
987,34,7065.092408683315,338,925,7821.878718804437,24,0.37227965680990804,0,0
988,22,7253.410273655167,265,361,8170.513241025948,12,0.10815075602366575,1,0
989,46,2818.0671395696036,347,619,12150.83614375445,24,0.2515989697648252,0,0
990,21,4178.37142409083,28,401,14230.204292595306,24,0.2719651077780826,1,0
991,27,2788.5906630281283,34,728,7032.5189117395585,48,0.7206678674601394,0,0
992,73,4570.157939422529,5,554,5967.4333635761595,48,0.048550427208863156,0,0
993,34,4383.931431628517,110,831,8930.865907890664,12,0.6511923081508607,0,0
994,27,6559.32106453868,293,869,16968.14337928672,36,0.22140990979318986,0,0
995,34,7620.6174922392165,76,411,3915.558298317663,36,0.08186150591629393,0,0
996,37,7791.367621579912,348,612,15712.388223713859,24,0.3008061610854341,0,0
997,41,3875.663946843396,146,760,10211.399157965663,12,0.22447286942860278,0,0
998,22,4581.556252510944,66,761,1736.3042842069262,36,0.55203237583985,0,0
999,51,1633.1236155580996,7,391,7691.83799217159,36,0.3573764034479624,1,0
1000,23,3388.2598670076222,121,351,13048.340364701364,24,0.9659937424083261,1,0
1001,70,6929.703266194915,339,819,19009.069725203808,12,0.9635495993908506,0,0
1002,19,8231.165647096463,174,397,3363.136383092161,36,0.4437152691202395,0,0
1003,30,2531.302256240156,178,535,500.0,48,0.7950874606602596,0,0
1004,60,3815.071481694212,84,673,3452.235922710317,48,0.013268540860875033,0,0
1005,60,4947.188486082146,44,880,15652.07753933253,24,0.5478115847248026,0,0
1006,65,5560.322317639214,135,856,1031.2914646578993,24,0.7432991723069791,0,0
1007,28,3380.7929601567075,342,948,17486.269454396934,24,0.2169432254073359,0,1
1008,68,5848.122088928179,15,533,16074.044738809602,24,0.06117175516594375,0,0
1009,64,4052.3213058581678,332,331,10955.181210313789,36,0.1559189359064559,1,0
1010,74,4971.0954582434415,194,588,6868.17344826486,12,0.44184808717385704,0,0
1011,40,6092.5684960073995,8,937,10276.303129085714,24,0.506371420756262,0,0
1012,72,5012.844539621876,315,878,13055.436760700508,24,0.38088512210876846,0,0
1013,33,4127.228218946862,333,841,12292.382323626494,36,0.43997376704238,0,0
1014,48,4780.780392148338,332,413,18698.296866350523,24,0.4702349596092813,1,0
1015,28,4823.274081589329,326,503,8699.487750867516,24,0.7694366616010963,0,0
1016,71,4259.977940235744,14,328,3495.7851318850107,12,0.10524189807765238,1,0
1017,33,4482.407874665795,326,942,2613.5964643393754,48,0.768950467159396,0,0
1018,25,8197.294341009434,101,773,1613.543659704248,24,0.6886273022949981,0,0
1019,21,6121.838895882477,225,996,10981.394612678028,36,0.7416608094763181,0,0
1020,57,4409.03936394168,277,552,8828.156496387715,12,0.7344683858753228,0,0
1021,21,6393.908809021472,112,685,10163.273014471359,36,0.47059181580178366,0,0
1022,73,4332.361020487981,0,361,7314.702295969085,12,0.21140018456090004,1,0
1023,42,7346.2492751732825,265,814,4449.165706386614,12,0.536628904301804,0,0
1024,20,5739.284384396188,207,729,13071.679423137262,24,0.9579820536090996,0,0
1025,49,4785.395711991542,109,879,500.0,24,0.5885256813933637,0,0
1026,20,5895.433851620555,199,836,5992.022161231318,24,0.01104714521277761,0,0
1027,44,1858.2476958630014,305,990,13932.450799841956,48,0.059710904876390636,0,1
1028,46,2746.4650621803894,11,440,5495.807866484816,48,0.9928634336035523,0,0
1029,49,2612.149987201889,344,599,11958.377098992485,36,0.07194635923944037,0,0
1030,67,5285.886189527413,187,974,5998.704522317676,24,0.04604516004489856,0,0
1031,68,8465.029998970183,153,610,7720.775630848564,48,0.3530242693586554,0,0
1032,36,9462.600292385265,333,770,12874.602579023991,24,0.9693172032693367,0,0
1033,38,6276.102202881514,278,692,3610.7584146843365,48,0.3186751537328657,0,0
1034,22,6001.688949888914,170,941,13726.391650381729,48,0.40988413087527065,0,0
1035,35,1412.0,133,744,10229.602462238832,12,0.6340770612085656,0,0
1036,45,3914.6524005319566,24,471,16282.19433689515,24,0.02411183932639782,0,0
1037,59,3424.4324961835223,17,875,11040.749858233698,24,0.897763577519188,0,0
1038,39,3758.3048034977683,189,330,4652.566897603262,48,0.5194430175544321,1,0
1039,38,4663.712362830421,140,346,18639.972109706177,24,0.46681090600405795,1,0
1040,23,4055.818844605745,42,429,5070.285275989212,48,0.8607266622066304,0,0
1041,18,1412.0,333,651,8864.219579330289,24,0.9530765893580212,0,0
1042,22,6495.820512235067,283,921,14787.044634808866,12,0.42342523164683477,0,0
1043,58,2854.513948520387,145,880,600.361126581809,24,0.17244107929323071,0,0
1044,29,5478.493728222299,314,357,17198.344900569366,12,0.8157092700020729,1,0
1045,43,9148.165339499947,318,405,4245.5785383684315,36,0.4032604212224872,0,0
1046,63,3161.230816827153,91,629,7725.002900812138,24,0.9355455395117661,0,0
1047,51,1412.0,178,982,11444.289520988379,24,0.9498989838309829,0,1
1048,66,4427.991556239778,55,682,9791.470719572995,24,0.11482903172136949,0,0
1049,31,7201.919269997143,154,461,13945.880292252266,12,0.9565539673328513,0,0
1050,43,8916.694908441188,159,585,1995.9621451447474,24,0.36827032544512095,0,0
1051,62,2540.9008110951663,110,370,13637.256768863586,24,0.6462525176571905,1,0
1052,44,5993.398446473044,136,753,14036.21193886765,48,0.034750081734046034,0,0
1053,26,4069.3790864398934,231,866,15146.129146229463,36,0.8888842740838326,0,0
1054,43,4788.103291391729,219,696,2051.696140167948,12,0.6415973293448649,0,0
1055,74,10288.68669403407,67,814,2655.323830854889,48,0.6435544669564192,0,0
1056,64,1994.0593432096935,301,325,8288.121751707442,12,0.9021761599774838,1,0
1057,74,5507.479322989147,248,612,3195.8710934864957,48,0.5083471749073432,0,0
1058,39,5935.386343530867,322,425,980.1605029274815,36,0.41051664036255053,0,0
1059,64,7171.572649878694,5,707,8072.679713894172,48,0.8661287522923162,0,0
1060,73,5195.966306941791,279,864,11170.456807288823,12,0.7424205118713982,0,0
1061,47,5616.101079008205,93,497,23994.897651473297,24,0.948975664964901,0,0
1062,60,4216.702865156418,268,487,12743.375770228451,24,0.9401218933105326,0,0
1063,65,5538.253882490215,196,997,18761.349999499093,36,0.38232616456024027,0,0
1064,34,4313.6154490051795,24,783,9779.244568132115,12,0.4469862901414179,0,0
1065,43,6243.143779712102,147,749,12797.829964336468,12,0.25598495379077846,0,0
1066,53,4260.779327912732,117,822,9269.311522336127,12,0.6606478891385676,0,0
1067,18,5754.200787804373,337,653,23415.616083584446,36,0.36454197008888656,0,0
1068,25,4941.474372630043,337,957,6572.04568235471,24,0.7861006466076711,0,0
1069,66,7252.100501544336,65,896,7250.128499334046,48,0.12155076073091053,0,0
1070,52,4897.212552823027,300,399,13982.70343828102,36,0.11640285116574589,0,0
1071,69,1453.935063586237,174,915,11037.36451819663,48,0.2044553814193969,0,1
1072,32,7523.843001427984,318,857,7879.189982614421,24,0.08429218843741348,0,0
1073,64,3188.535398274762,75,855,14801.885743690782,36,0.6200316076782347,0,0
1074,73,3692.4673227023604,113,577,9794.264176344388,24,0.14735276601673863,0,0
1075,39,3808.677411913016,110,992,9759.016362763057,48,0.15996291746765423,0,0
1076,31,7748.876186341635,248,998,11152.911537644455,12,0.01422822372916599,0,0
1077,43,1412.0,202,925,1329.3965524383075,12,0.7820900146236098,0,0
1078,45,11275.497067319988,146,790,2033.7300410528196,48,0.812296055423481,0,0
1079,40,7112.1136181321035,34,554,15434.478062934038,12,0.1620224163644397,0,0
1080,31,5446.477828258319,308,680,6615.191645412477,48,0.7395244342672245,0,0
1081,41,4890.211998767427,25,841,9335.243258951523,36,0.4335451231573596,0,0
1082,19,5571.108149715314,237,563,18062.19318061463,36,0.23959488296539133,0,0
1083,62,6042.244856758676,13,909,9560.662720352077,36,0.6213846080738289,0,0
1084,43,6290.431171900114,44,628,8949.555929464195,12,0.1784840743470848,0,0
1085,31,6111.208932006897,215,414,14480.387947476447,24,0.7568836076530354,0,0
1086,73,5179.161362510497,232,575,7008.675417235701,12,0.0476152275705517,0,0
1087,68,4605.323159385348,192,787,16014.646146410198,12,0.9591309329279144,0,0
1088,24,4697.453432692977,50,580,14377.7895971824,24,0.07187525370862446,0,0
1089,20,4610.183439294638,213,574,19151.665976541684,24,0.5794484192486897,0,0
1090,64,7267.5401937341285,150,627,6548.2847836140045,24,0.9021942901223785,0,0
1091,40,6187.113444561724,274,510,16834.87323101207,24,0.011904468847850347,0,0
1092,63,1412.0,337,851,12770.460535019633,12,0.49851446098905705,0,1
1093,60,6311.801553059522,75,325,3373.168081624891,48,0.3500069643106799,1,0
1094,64,5389.472389437549,219,326,500.0,36,0.580332190257909,1,0
1095,62,4962.582487108205,347,382,6009.865589523352,48,0.2254573867376587,0,0
1096,35,4222.963093822228,186,981,11461.739036728763,12,0.06489921723172476,0,0
1097,55,7248.225439972027,288,712,12186.739663039036,24,0.6259330368487069,0,0
1098,52,6895.052924245716,27,466,9704.594673574675,36,0.41684923949340247,0,0
1099,68,3454.244664352782,179,999,9749.353170384837,36,0.6224855387062297,0,0
1100,32,5814.1045742490705,252,468,9370.03249949905,48,0.21053914683784292,0,0
1101,42,3056.686530917428,125,528,15156.085668691787,12,0.33874126295348184,1,0
1102,72,2240.763670422139,176,908,2818.551508584641,12,0.5616813893646103,0,0
1103,54,3746.56555082007,36,666,11341.449287671392,12,0.5931127783247273,0,0
1104,45,6724.786944765518,98,827,5886.243620684792,36,0.3723148077742652,0,0
1105,27,6906.2500907521735,97,946,5467.294674712828,48,0.28005320561655644,0,0
1106,56,6026.170840194586,126,837,15881.152819534182,36,0.27370062948859586,0,0
1107,74,6450.1915736959945,167,823,5083.684615400287,36,0.17469935142089843,0,0
1108,34,6032.356574229917,79,371,9302.408830500692,24,0.32540496232958716,1,0
1109,56,3717.0368095540953,293,944,19792.492009394973,48,0.19944033701321995,0,1
1110,39,5863.845089347881,332,405,14190.384840408373,24,0.6338154062299448,0,0
1111,43,6600.819050455364,125,988,7725.148435198109,12,0.5690669982420896,0,0
1112,61,6508.582659627149,342,581,8138.134707970596,36,0.38258882367092006,0,0
1113,42,7377.826742949286,309,432,3863.9855067085346,48,0.32583001993739447,0,0
1114,34,6416.607694402128,149,833,16503.22621133026,12,0.23761420019464252,0,0
1115,30,5702.896415083166,15,568,15056.759039605338,48,0.5354583089593412,0,0
1116,37,7140.300476632855,27,711,13433.011369348906,36,0.9189027643456883,0,0
1117,42,4946.95748150188,172,972,13984.164724045693,48,0.6857030513889372,0,0
1118,21,3236.2506975445644,45,918,6127.376953012881,12,0.7444147140355674,0,0
1119,27,4673.8660721124725,327,317,2260.4377863207474,24,0.8343778636564078,1,0
1120,20,3510.1947103871016,235,416,12802.702126519045,36,0.35163497333784877,0,0
1121,58,3649.643450051237,213,443,14442.789368106973,24,0.06287578211448763,0,0
1122,62,4710.962658568964,84,850,18035.233415634815,36,0.6225588033216443,0,0
1123,35,3415.1601580000774,281,965,8995.548968632856,12,0.18867229122803264,0,0
1124,64,4384.0769407219195,231,987,8266.243607098404,36,0.5690436499956663,0,0
1125,53,1412.0,84,721,8803.69897665272,24,0.7395102331570648,0,0
1126,64,5426.587414745877,64,668,13353.71912716444,36,0.7836383021478366,0,0
1127,39,5002.410950724448,133,945,8589.553586623768,12,0.30183912024751547,0,0
1128,51,3365.822737863619,150,857,9738.8045661833,36,0.5124332325693152,0,0
1129,64,6318.49133686481,114,349,14155.264456194769,24,0.6209650962771923,1,0
1130,25,6875.140275253117,63,977,6870.81922383132,12,0.8194807217006219,0,0
1131,57,1784.8802712620518,342,405,16955.769927108817,24,0.7613886651049474,1,0
1132,66,3474.5504428675713,351,515,13165.445036632882,36,0.9879753209773703,0,0
1133,61,3461.7153004254033,157,957,711.8968532984218,48,0.008084676530010881,0,0
1134,36,3120.193797782271,76,724,7423.229017358175,24,0.437489440863133,0,0
1135,59,6658.949683863497,145,371,500.0,36,0.25604448637612787,0,0
1136,58,4612.347722454393,342,745,9016.603008565997,48,0.11989338714487341,0,0
1137,54,4470.970317378778,224,485,7508.444479397322,48,0.9115153281671846,0,0
1138,23,1412.0,312,369,14174.273796000944,12,0.9979620660956863,1,0
1139,69,6270.836060418453,102,449,5594.90825522333,48,0.18059620790472364,0,0
1140,43,2521.483210293055,346,545,11938.67500967245,24,0.0384333928013636,0,0
1141,51,5119.865260532656,300,837,12844.238047342169,24,0.27505444768050036,0,0
1142,73,5554.753875916384,87,951,11285.97426114007,48,0.8348619180663956,0,0
1143,62,7721.317191677303,302,398,15700.617908862643,36,0.29389008319931675,0,0
1144,23,2382.3592017617757,167,577,20341.44425420938,24,0.05690148049762156,0,0
1145,54,1412.0,169,862,10559.709713495338,24,0.0524921839530299,0,1
1146,74,5367.6990895073895,134,962,12025.89758445184,12,0.4274228023694364,0,0
1147,50,8601.022363021708,49,754,5598.6152308394485,36,0.9318257230616197,0,0
1148,70,7477.892705878874,339,403,4902.382929883787,48,0.28592044163963193,0,0
1149,39,5419.318830549251,346,900,15169.148251663639,36,0.42715768070104376,0,0
1150,38,4016.7276287359055,133,952,14507.627530516791,12,0.10193380538260854,0,0
1151,23,6614.245193274621,346,532,4851.900629143684,12,0.49357279326898107,0,0
1152,23,3052.907600591063,136,693,3458.897287452637,36,0.696547064285704,0,0
1153,72,5952.7155387124385,244,800,6756.315976597051,12,0.2711503611772196,0,0
1154,65,6010.940318333253,108,994,9293.110152829446,12,0.29671130852868477,0,0
1155,21,7120.41981499776,312,550,7954.36795758378,12,0.8419750254062712,0,0
1156,47,10519.320077822154,286,820,10802.574341661264,36,0.010363722347177085,0,0
1157,28,5784.831934357534,20,378,14585.312561863027,12,0.636470708550097,1,0
1158,47,3982.0727485850025,89,351,12310.521893774692,48,0.39388463494161696,1,0
1159,48,4948.851375616011,295,525,12680.604988420619,48,0.298380513561469,0,0
1160,41,1461.8481902217636,111,350,500.0,24,0.6575938322438771,0,0
1161,72,3610.5737378218837,300,485,1930.4848994045878,48,0.8346685217897052,0,0
1162,26,4181.435123773792,76,333,6017.715961769712,24,0.5583921163286737,1,0
1163,72,3951.8232041308147,176,430,6843.031759202468,36,0.03109462194305601,0,0
1164,20,5304.709744067444,342,931,14199.139174696167,12,0.46140119082557607,0,0
1165,68,3355.160135235599,147,742,5605.492842659342,48,0.4627599408939731,0,0
1166,48,7242.061334648943,100,731,13334.638306786841,24,0.5437984948046078,0,0
1167,57,5000.414129836394,245,796,6074.471305968509,36,0.6709589010435523,0,0
1168,54,4981.399357722771,116,702,3995.5785630359233,24,0.019318403534340445,0,0
1169,53,4344.210566974164,91,622,4227.751704781042,12,0.5020126243997505,0,0
1170,41,5310.381367717959,27,509,21291.33246644611,48,0.5883077693805907,0,0
1171,48,6650.19652933527,24,914,5963.175157450029,36,0.34335338641605195,0,0
1172,23,3265.7395685781994,57,628,13454.936044301703,24,0.6683652265904331,0,0
1173,19,3683.767021849487,296,671,2209.007851248997,36,0.22817771712917112,0,0
1174,37,4392.54794244667,133,759,17094.645020893673,24,0.3173723330674516,0,0
1175,45,2308.2581530535704,330,432,11745.205725318565,24,0.962755347424326,1,0
1176,28,3361.4842805570042,248,950,11369.894343964435,12,0.3480703708611401,0,0
1177,21,4047.558252910682,37,420,12069.136615716594,12,0.346500887365745,1,0
1178,32,6748.778361425455,74,905,12619.998622226754,24,0.5956806358231153,0,0
1179,23,5525.12265800385,141,751,14045.336294224398,48,0.9709753298600602,0,0
1180,71,5387.179822735088,321,428,7004.512908954859,36,0.9830804459530004,0,0
1181,66,6701.795924335945,167,390,6712.058531139389,36,0.5796579636763161,0,0
1182,47,4725.256423201206,258,903,10246.11939024034,12,0.001087019804932532,0,0
1183,73,5780.929699857779,354,874,13422.138802091544,48,0.9006565507683997,0,0
1184,55,4793.556494135008,224,328,9666.722618887554,24,0.5702379645770481,1,0
1185,68,5530.724698799257,151,823,13869.508978995516,12,0.36599640828993585,0,0
1186,74,3834.482684776836,18,632,13089.183913509587,24,0.8291951410159383,0,0
1187,19,1412.0,145,596,8915.083692919869,24,0.39983245935020506,0,0
1188,32,4731.441675627391,240,429,1264.1001510957522,12,0.03404450620026467,0,0
1189,28,7845.49627219988,343,592,7482.360273230443,48,0.8210722230570188,0,0
1190,25,6852.430804483185,236,472,18713.986169048374,36,0.5458594010197623,0,0
1191,43,6930.794969182341,34,323,11700.2982535285,12,0.3381435382241962,1,0
1192,68,7472.261443612436,189,398,6802.249343649539,48,0.2508923763538512,0,0
1193,62,5177.315181922875,0,705,11253.257888039496,24,0.5937974594154256,1,0
1194,61,5394.6314148111915,152,655,13383.22034163901,12,0.20804954822510013,0,0
1195,22,3764.6962091313,125,438,6804.671952741834,36,0.3238508865570032,0,0
1196,23,4367.8542879459,344,802,16176.919470609482,36,0.6365303094139836,0,0
1197,43,6231.542299542283,225,473,12478.490105818251,24,0.881544450405932,0,0
1198,71,7407.768874337633,220,328,4500.4561341383005,12,0.5328903283915988,1,0
1199,21,4721.107448638001,210,795,14281.831432711868,36,0.7591063982990925,0,0
1200,36,4099.6214702971765,24,954,7951.933076011524,12,0.7630606037630419,0,0
1201,37,5001.0559177131945,15,650,9104.347868471972,36,0.6643539526593868,0,0
1202,50,6202.41349785823,181,853,4920.156515159444,24,0.24583833768051766,0,0
1203,37,2112.2903677329164,328,598,13157.232063449152,24,0.8667885981502419,0,0
1204,66,1412.0,128,491,9255.673866522893,12,0.4362756556395665,1,0
1205,29,3898.926301016833,41,971,13368.784772503046,48,0.04421074393570057,0,0
1206,64,2558.575148171683,335,363,7245.088054672153,48,0.24461267006952514,1,0
1207,18,3983.719604705378,235,963,6672.983560649608,24,0.7655483540993158,0,0
1208,43,4704.439362365057,359,514,6267.814642011248,36,0.06913333581748937,0,0
1209,31,4093.503181953973,33,465,11980.160897714642,48,0.1473644021549112,0,0
1210,55,7904.935068941491,344,842,6598.250877486317,24,0.6942268160417044,0,0
1211,54,5653.48952920464,44,531,8984.436756367933,36,0.8926007897275405,0,0
1212,28,5600.948719221657,133,840,7407.865063468339,36,0.6337320050576368,0,0
1213,53,6244.414288086804,20,494,12200.41962448838,48,0.2222910538295546,0,0
1214,30,2722.333764438462,121,805,1323.4877669784437,24,0.05341376324954861,0,0
1215,60,7078.223574840537,69,633,11235.164351116691,36,0.6151265825503117,0,0
1216,20,4848.47142692908,351,603,18656.715945479038,36,0.04739857793116398,0,0
1217,50,6340.961234482425,47,736,16180.130543668489,12,0.612722051941757,0,0
1218,23,2856.285533919689,38,622,6916.7343901326385,12,0.22557994416109506,0,0
1219,67,1892.4824679678713,286,801,12473.00888082492,48,0.9046560624088297,0,1
1220,73,6635.779316050057,9,692,11502.827364199526,12,0.47509266848736187,0,0
1221,27,5752.819052195033,29,898,17346.960315810687,24,0.22393843330969565,0,0
1222,22,3195.896891284979,243,448,500.0,48,0.8531453165585916,0,0
1223,40,3260.6738374506112,273,704,15564.336844675821,48,0.25403539844750833,0,0
1224,27,7250.869568829539,87,582,8662.411636180645,12,0.3065990765248755,0,0
1225,61,2621.1762142653442,243,661,6283.855302747912,36,0.8342778990554557,0,0
1226,19,8285.345906511928,328,678,6140.989856026872,24,0.30879202980059595,0,0
1227,30,3198.7585307042627,14,497,3500.4684189435993,24,0.41016376923063735,0,0
1228,57,6276.7838512167655,3,855,6929.407962630321,24,0.34766567075886656,0,0
1229,19,4342.763048502031,190,655,4601.329730343023,48,0.11640031783037585,0,0
1230,37,6206.374862164686,167,839,10901.085852536593,24,0.038895812246826145,0,0
1231,18,3911.771995771615,8,728,12949.688161641901,36,0.7245406740609813,0,0
1232,54,4674.414187855412,108,316,8717.132951808191,36,0.6451371239357206,1,0
1233,26,5081.838350791442,136,938,17498.616031280824,12,0.2823660675520572,0,0
1234,34,2995.6250884370547,153,678,7257.8935727153075,24,0.2955991249848785,0,0
1235,26,6481.648690840251,208,979,8455.687888017037,48,0.9450057830086813,0,0
1236,28,3973.5728670568296,271,805,7635.29678535788,12,0.9876711272334922,0,0
1237,32,4542.800169319963,142,375,12993.094369571974,36,0.4734349032336935,1,0
1238,41,3011.3012507829753,98,530,13497.867514259442,24,0.8024517454814937,0,0
1239,55,1412.0,307,547,12476.834419855486,36,0.7366858758693654,0,0
1240,72,4617.944474799662,68,601,9379.456730312651,12,0.29731770951204695,0,0
1241,52,9825.230843225832,246,514,3296.885704610555,36,0.058562710520478345,0,0
1242,47,6569.208575796048,260,457,8402.797095947466,24,0.14255625713494002,0,0
1243,48,4961.479240531211,275,368,17390.698569502656,24,0.8382941170007634,1,0
1244,66,4474.218341583464,78,692,15066.189437174931,12,0.7312138199962811,0,0
1245,22,5044.931785624093,145,384,11470.2519834336,24,0.6643348444622779,1,0
1246,61,6094.23823035042,110,566,8077.739714407783,36,0.13064883169664832,0,0
1247,67,2638.3743693823103,257,368,9931.907613327377,36,0.6399306874505247,1,0
1248,31,7228.643389337744,92,910,8099.978804821428,48,0.7721523314931155,0,0
1249,70,6430.762630882488,12,646,15965.258440417732,48,0.8606017498602906,0,0
1250,73,6436.371451415869,259,972,5805.165008032923,48,0.013231279193618217,0,0
1251,28,5876.951477619455,108,722,14618.346411484887,36,0.6844751018784777,0,0
1252,26,5039.23331538798,329,905,7353.987141706164,36,0.019097655603204422,0,0
1253,51,6345.72247193364,188,473,16604.634151809958,12,0.7068728455434385,0,0
1254,29,6183.628267482756,94,976,12133.879619040034,48,0.6356213647320048,0,0
1255,52,4291.918578117952,104,414,6253.063000275656,36,0.1483478629189725,0,0
1256,52,3852.796454206198,7,519,8453.437932489964,12,0.7661217513451303,0,0
1257,18,5203.712590523974,66,330,13558.203033616632,36,0.06834761818969115,1,0
1258,57,8098.040302990375,190,822,7504.285882129703,12,0.8263987737446334,0,0
1259,39,2521.785848692198,255,642,10110.68242690603,48,0.261929244848229,0,0
1260,46,2064.94946849512,8,676,7435.279154255279,48,0.688851862300665,0,0
1261,25,5329.521682473033,116,429,18795.585741242732,48,0.9236893410218703,0,0
1262,28,5101.775403712036,266,916,19655.35946475665,36,0.33982702467344894,0,0
1263,58,5346.683328740816,98,838,17315.619766958618,36,0.5028940779404192,0,0
1264,54,5487.906395817001,297,301,9378.130174330836,12,0.46311803395045037,1,0
1265,31,4553.595490730389,163,400,7986.236766465158,24,0.1576113490628681,0,0
1266,47,7979.726877204164,140,832,6104.182102429351,24,0.5903120104907617,0,0
1267,52,1798.192043046969,267,357,17678.606454015528,48,0.743001918520948,1,0
1268,38,3343.005950439508,36,688,14653.618553505845,24,0.9168748289238192,0,0
1269,54,4793.490479701905,73,991,14893.804407536702,48,0.8508026016495128,0,0
1270,22,1713.6223776916654,72,640,8750.36031559554,12,0.5100193797280317,0,0
1271,36,4648.291191135858,307,319,1210.512578710459,24,0.7190171545119348,1,0
1272,31,8322.940331456037,198,554,2360.211952296184,24,0.8007834133738928,0,0
1273,43,5041.772976591924,129,616,10288.170314512548,48,0.4934887137383488,0,0
1274,21,5461.401811437367,245,337,7386.628718168324,12,0.11542756070426774,1,0
1275,42,2479.6704696548395,311,959,6811.493528036843,24,0.43793076384737084,0,0
1276,62,3767.277183921045,59,836,11725.741868643121,24,0.8424780382015649,0,0
1277,59,4249.607239352126,278,685,15068.299149297462,24,0.596641405393735,0,0
1278,42,4364.569806487532,102,932,6493.864657016253,12,0.724458377009339,0,0
1279,35,7563.287590007538,295,325,3471.9515717191107,12,0.18526802215258753,1,0
1280,57,6115.3821214502495,319,753,6612.6441226113675,24,0.9643377682110057,0,0
1281,25,2777.084086125936,340,980,4780.180187240338,48,0.4040805294933094,0,0
1282,56,5493.00955686401,150,622,12964.163079629943,48,0.653635522717729,0,0
1283,57,5996.44349699357,156,812,9979.456228950392,24,0.018872254590605264,0,0
1284,31,7280.298077042533,205,312,19402.4461411778,12,0.12731926225529133,1,0
1285,49,8161.081373136747,178,859,13673.42559819131,24,0.782034269884919,0,0
1286,68,2969.811616344263,196,670,19069.280684990827,12,0.9679694455202547,0,0
1287,55,3378.284977579324,222,590,2980.6232004619214,24,0.3200553550554782,0,0
1288,50,2484.8442821707677,88,631,500.0,12,0.03718073494126484,0,0
1289,40,4531.960281786038,286,905,11214.960142177008,36,0.36086660198013754,0,0
1290,32,5932.716748892669,275,560,10616.101204960536,48,0.017468130279002625,0,0
1291,50,6974.669033178204,235,504,9386.072927260315,36,0.19237309226246913,0,0
1292,42,4848.097952714955,182,996,10478.983628148226,48,0.7524720150537384,0,0
1293,34,4360.304953490312,208,986,4379.8690763469585,12,0.9370883981064961,0,0
1294,50,5303.5159844974805,129,686,12815.893489422253,36,0.08744908436888665,0,0
1295,64,3329.714196739954,152,767,13680.966200511688,48,0.5579007788105093,0,0
1296,72,9179.077443389546,12,714,4001.256414984462,24,0.25388084612403194,0,0
1297,19,1784.6779457638827,121,368,8231.817895753544,12,0.13905912579392954,1,0
1298,31,5369.481157791449,358,771,8540.680754301195,12,0.21898022989155752,0,0
1299,70,9047.212438459279,219,403,6645.945489198604,24,0.5777630674977074,0,0
1300,57,5013.599689119996,105,460,4194.438049333892,24,0.06513450144396105,0,0
1301,57,4619.921929997011,69,499,10062.524955127123,48,0.4342185961684175,0,0
1302,68,4285.109154379145,194,515,11304.02760332149,12,0.13522785095516388,0,0
1303,56,4639.216636475185,185,511,6949.089456178524,48,0.2726770523944815,0,0
1304,68,7745.6969493530605,98,807,4546.057011217712,24,0.1907543297432639,0,0
1305,23,1412.0,81,315,12052.786225206864,12,0.8829754998308972,1,0
1306,23,8066.867402592651,74,797,6163.397623821724,24,0.7080113308712895,0,0
1307,20,2152.08569509971,339,631,8453.972432003971,48,0.8684625789474705,0,0
1308,24,4466.695341531171,191,850,7819.6168592089,48,0.3834628345476925,0,0
1309,68,4141.511159402677,324,900,16228.543320848306,48,0.3134133648536701,0,0
1310,25,6177.10653954144,213,555,6392.847679731909,12,0.38058719489776704,0,0
1311,59,1803.751296232505,314,471,18627.63289504492,24,0.018548195724407468,1,0
1312,69,5924.345332163885,317,948,13761.509690707535,24,0.7247042751485582,0,0
1313,32,9048.619246573704,143,797,19104.493378946765,48,0.3497724568950783,0,0
1314,64,2273.651990814379,215,770,13323.194147898368,48,0.3133238035767917,0,0
1315,46,5379.412335220792,323,683,8894.777761489146,48,0.5981410653705329,0,0
1316,50,3676.035644406782,14,989,5413.168354239029,48,0.4362499117098164,0,0
1317,69,5851.774412386071,216,888,8222.943046128632,36,0.9808433682238985,0,0
1318,47,5038.295554831504,34,999,17436.405126116137,36,0.35625304289880133,0,0
1319,56,3717.0261819113807,182,806,9760.306038275574,36,0.6138958422079134,0,0
1320,44,5975.744569742148,269,826,13304.59693577554,48,0.31165110060965173,0,0
1321,53,8608.696219573487,357,624,11034.856725329963,48,0.9905949802106567,0,0
1322,46,4618.192416545403,99,513,11248.305892546206,24,0.44511103472012814,0,0
1323,55,6439.515884296364,6,507,11440.798419824572,12,0.634128810866803,0,0
1324,74,2413.4540842576725,29,468,12476.707434162261,24,0.12672167095267706,1,0
1325,50,3087.1272463639825,304,629,5929.46254454595,36,0.7330242148636581,0,0
1326,54,5944.812555760755,143,579,8625.478645469026,24,0.269210057875622,0,0
1327,44,7968.232057071929,110,604,11546.566665081698,48,0.4486132528296719,0,0
1328,72,5711.22669757132,231,445,10817.436112500984,36,0.8831330623274579,0,0
1329,50,4373.8839389536915,178,815,7693.976981938831,36,0.9705525148851014,0,0
1330,21,4998.5828108467085,71,389,12083.004573805525,12,0.424572101840357,1,0
1331,39,2499.184532060565,209,752,6144.293217213904,12,0.8348026679544999,0,0
1332,19,6209.030652710733,219,359,3884.9691553186512,36,0.05334899454986075,0,0
1333,27,6764.666124646818,79,610,11474.928839445718,36,0.8475740297902625,0,0
1334,22,4095.8193343338394,82,827,4007.5413123962135,24,0.6295103221526497,0,0
1335,27,4059.915704480997,41,526,11400.620012098176,36,0.48870616839160197,0,0
1336,50,5531.756459304097,272,773,500.0,48,0.8899637051372478,0,0
1337,71,4126.560527918809,190,840,6375.060804216004,24,0.8453372225064139,0,0
1338,55,4867.734770748355,172,962,8362.115434754423,48,0.296945095953572,0,0
1339,30,9199.44357833303,6,378,1966.824126911697,48,0.7914883823447575,1,0
1340,48,4505.948598508006,154,732,8136.6386356341345,48,0.0994909336623726,0,0
1341,64,4283.319695957555,9,452,15925.098189762055,36,0.8227639354673701,0,0
1342,53,3704.916388729682,33,700,3648.456365582222,12,0.6754556180232505,0,0
1343,62,6488.383942999873,35,578,8273.133772393247,12,0.08786633093194274,0,0
1344,41,4637.551653563794,5,356,18513.223346861,48,0.6830801734741354,1,0
1345,69,3701.253923357148,214,485,4690.6956849461585,36,0.5805192766763702,0,0
1346,73,7642.608064546024,133,697,16986.116758669363,24,0.5945501011450448,0,0
1347,32,7839.206009027274,284,904,8604.973599770186,48,0.29086393512969855,0,0
1348,46,3799.1528685225894,125,457,10509.560429414576,24,0.26649720001284527,0,0
1349,25,1412.0,336,992,16457.411157046925,24,0.76253511205402,0,1
1350,22,7015.027379673844,173,658,7574.510303494903,36,0.2568134810172391,0,0
1351,46,3630.740348479992,151,739,13155.128367017425,36,0.44626225180989865,0,0
1352,64,6581.251198325537,330,888,14422.985533627936,12,0.6947889985987847,0,0
1353,21,1412.0,25,765,6745.929963789664,12,0.07961625132743777,0,0
1354,29,6785.194676598619,114,962,6192.849164506022,36,0.5945483826116572,0,0
1355,62,2577.6561414384378,283,745,8856.984521755168,48,0.5893763726481173,0,0
1356,19,6461.528238133049,74,787,9013.423294193803,12,0.6842287108880255,0,0
1357,44,5028.546135672868,165,829,4605.260104544055,24,0.3699280953056586,0,0
1358,48,3092.12116120671,188,372,6791.997506659842,48,0.4489797740638397,0,0
1359,68,4185.9273741464385,77,316,500.0,24,0.32996931394469364,1,0
1360,68,6372.636913913401,89,830,8328.636583527968,36,0.8081682471887758,0,0
1361,53,5211.7889062304685,175,625,14471.970901506586,24,0.13061076003613248,0,0
1362,53,6168.825960944969,20,931,1666.5543261272524,48,0.9629539535753299,0,0
1363,43,8952.88116903097,53,912,7684.277342282332,36,0.6348361559792174,0,0
1364,60,1871.5167765778974,183,845,22211.664039216113,48,0.8869067243921759,0,1
1365,44,8234.425149937248,358,895,9887.19979333233,24,0.4262314582647643,0,0
1366,22,5208.711875046426,221,501,16783.971839039852,48,0.33227907039199667,0,0
1367,37,3202.4319033537436,314,643,4940.423391544014,36,0.9007258101239835,0,0
1368,28,2339.37274852202,327,822,12244.092028861127,24,0.09887302887630278,0,1
1369,27,4621.759218445933,178,699,4088.908849791558,24,0.1171072315052778,0,0
1370,57,6843.300223848919,275,517,12005.32307472142,12,0.29934677648467733,0,0
1371,55,4744.901759244932,111,744,14211.241173798917,12,0.9597749817663185,0,0
1372,23,8022.309860494695,223,521,13024.87922764838,48,0.633068609865107,0,0
1373,25,2097.6486198968823,213,682,8275.313371342412,12,0.5541936966153982,0,0
1374,40,4975.822104307891,58,891,11374.667830089458,12,0.7053563363554206,0,0
1375,64,2495.2131111737617,326,306,11422.459677047476,12,0.4174745560781662,1,0
1376,43,5727.263765249936,108,571,13329.948277275762,12,0.7580735014207992,0,0
1377,63,6773.774780194601,156,315,9381.165258967068,36,0.3932306979728776,1,0
1378,60,4158.476412637893,190,723,14655.69400117617,36,0.8263631848564645,0,0
1379,29,1412.0,199,823,17173.02699648029,12,0.26729508207650454,1,1
1380,43,5397.896293592989,311,320,8410.662766475,48,0.27754665929802425,1,0
1381,30,5873.477103467019,195,989,10232.198639709803,36,0.5223833054267352,0,0
1382,57,5808.589509923395,34,527,5475.926080941438,12,0.4307611583617351,0,0
1383,35,7471.564383644309,245,587,11701.28661912134,36,0.6481158442846954,0,0
1384,42,2857.892640701902,236,433,11733.188638903972,24,0.36429075467357896,1,0
1385,50,6360.432210900899,103,582,10289.931925168512,36,0.23055064907036682,0,0
1386,64,7385.01502495595,6,703,10666.998271506347,36,0.46980856288290107,0,0
1387,57,1442.8248319869663,282,964,19609.131945370937,48,0.5609564994971462,0,1
1388,60,5639.303651837954,0,365,500.0,36,0.14260005382969043,1,0
1389,29,3991.640337984657,218,948,7516.715610202649,48,0.5567186257331653,0,0
1390,61,4836.954653796708,229,903,8281.3816095396,24,0.31925670524789684,0,0
1391,53,5695.352967076673,171,736,17284.563064771504,12,0.3924518848685079,0,0
1392,65,4025.5428717728955,86,558,12376.444046592904,48,0.27931812906328124,0,0
1393,21,3648.5838416767765,40,402,12498.42918069078,36,0.9314103277930599,1,0
1394,22,5068.304834976049,122,866,16299.280954515623,36,0.6833362812802138,0,0
1395,73,2825.5081222743947,330,400,9100.216490983597,48,0.2624603114006834,0,0
1396,54,2828.349742229629,297,497,13261.63267914116,24,0.6450313345519502,0,0
1397,25,6358.746565913007,177,525,7346.170559233216,12,0.8485724095820462,0,0
1398,59,2702.411929682688,62,762,4733.468370772688,36,0.40163020833276863,0,0
1399,66,6332.625001818424,164,536,18970.83493651494,24,0.8299575091561823,0,0
1400,45,5925.182585707902,186,325,11845.15864882065,12,0.15441494433999237,1,0
1401,48,1548.3865424188066,208,420,13223.31297437301,12,0.822781364866168,1,0
1402,26,3644.87069532869,226,805,4599.12657617333,36,0.5402942426723664,0,0
1403,71,7388.218806094745,47,481,12551.76322930944,48,0.2229744880099821,0,0
1404,68,3037.6689377206367,223,933,18891.163734359194,36,0.4071413845559114,0,1
1405,46,4071.191475381225,2,842,8612.749658078024,36,0.9879929924466168,0,0
1406,31,5924.1217865037925,174,614,3721.00279410698,36,0.7835560166424261,0,0
1407,57,6566.781018565191,98,917,10919.880968270556,24,0.5750863613851153,0,0
1408,58,4496.922227911009,115,572,4820.515473948524,48,0.11516391190452557,0,0
1409,39,3804.979610616717,269,531,2211.006517644888,24,0.4178115829015002,0,0
1410,28,7844.739723397015,252,719,6326.171526296073,36,0.26305151401193727,0,0
1411,40,8477.799327595158,316,741,7537.011026119986,48,0.07100107950539025,0,0
1412,18,6957.716101563591,94,795,5063.751027245209,12,0.542204388719315,0,0
1413,63,5170.636285130048,272,323,16632.333910692803,48,0.8891856998408761,1,0
1414,54,3383.4685567181473,23,408,19448.05002319737,36,0.6755998681741251,1,0
1415,38,3339.1111868868693,115,801,13090.44008103716,48,0.24968038798051118,0,0
1416,43,6045.028210531515,150,324,11920.977460515302,12,0.5735846069537891,1,0
1417,63,5836.796441777367,337,486,9289.759436444443,12,0.9432342833469689,0,0
1418,53,7803.197185892859,49,587,5518.335929434681,48,0.7229150529229353,0,0
1419,71,6300.900185072278,205,927,18014.551155368175,12,0.689473899406764,0,0
1420,40,1993.839396480364,334,637,9685.732514548277,24,0.9681581662275163,0,0
1421,74,7103.895235445837,78,336,7687.072639667498,48,0.7988733111840248,1,0
1422,18,3003.878745371174,69,436,15073.783120016014,12,0.13662354309875213,1,0
1423,71,4232.057456095297,26,807,9632.079050597933,12,0.3476350869762014,0,0
1424,72,5500.400412503389,270,526,14886.471215457394,48,0.9651407007376861,0,0
1425,68,8991.334979567928,49,619,7951.256467322281,24,0.48970539419799786,0,0
1426,57,11219.837112010722,291,481,15088.184627268365,48,0.11163744532118536,0,0
1427,32,6213.446118272365,246,385,14898.83608470682,12,0.45860487967234187,1,0
1428,38,4633.606762559224,263,766,16624.142109950466,48,0.6969932340708007,0,0
1429,64,6069.0112969611,78,352,6452.875802032534,12,0.9975482216812411,1,0
1430,26,6775.310851747672,189,534,9584.80281810505,36,0.3239053165632019,0,0
1431,70,4358.664748885617,46,732,19738.85039468124,48,0.5140868748792737,0,0
1432,26,8590.422711824645,353,795,8767.939604477742,48,0.8796807046497939,0,0
1433,27,5460.141518382804,351,399,14055.128990162382,12,0.3552672180573335,1,0
1434,69,5995.4861781827885,188,898,21452.82508810961,12,0.10926155659085723,0,0
1435,74,6331.8485041089225,255,702,754.79402066269,12,0.948935875001504,0,0
1436,70,5843.173221228912,221,695,8602.221810142124,12,0.4884408067135001,0,0
1437,43,6677.881000939225,240,826,10009.35091945938,48,0.5027837107719717,0,0
1438,58,3765.4936269061536,268,714,1005.6067036305194,12,0.6212001446041822,0,0
1439,52,3883.3964921079387,0,912,7720.143910097286,48,0.003536623703224606,0,0
1440,69,2799.69153405661,33,976,5143.09361472967,24,0.9311311755688492,0,0
1441,42,5879.002461240453,78,762,14288.42734175422,48,0.3614510847745417,0,0
1442,43,6557.873007024228,235,840,1336.7632243620083,12,0.39693186238434863,0,0
1443,28,5915.545732303772,333,925,19446.613109902733,12,0.17410924753323498,0,0
1444,55,8348.984866695075,348,918,13449.487066289725,24,0.37815161329246105,0,0
1445,19,4988.807962341907,97,663,4730.892098864807,48,0.8039435307760521,0,0
1446,24,6337.483311185026,81,429,15132.097274359887,24,0.7999916725555348,0,0
1447,35,2816.5982477213715,191,383,12984.898367587555,48,0.9357968408954528,1,0
1448,44,4225.800595051198,252,570,9806.161876046626,12,0.4032294726807958,0,0
1449,51,6391.075515131555,37,543,6392.715587120669,48,0.7087215037485843,0,0
1450,44,6698.204221486289,13,687,12738.31641003742,12,0.5072375552075571,0,0
1451,34,4412.066104671636,346,513,10614.601828739647,12,0.804022789519131,0,0
1452,60,4856.801496283866,309,465,6553.797438674077,36,0.7125420091329969,0,0
1453,61,1964.252506638381,208,358,3283.724529519134,36,0.36790292528627566,1,0
1454,68,4285.941598386781,356,901,5747.054895814332,48,0.33667383425369246,0,0
1455,71,6780.766327039572,88,803,7483.510721813875,12,0.2524424630279676,0,0
1456,41,6150.410032213133,55,422,15812.436420957374,24,0.5765157904886378,0,0
1457,42,6001.331442762419,93,947,14303.794748786207,12,0.9638428515938595,0,0
1458,24,5099.54737436192,92,712,7749.662328429624,24,0.200066737617566,0,0
1459,69,5014.126317256353,339,438,7944.030201538035,48,0.09525245490432521,0,0
1460,23,3679.3577210531057,84,528,14956.761397758497,48,0.11940064207631362,0,0
1461,70,6397.6568404050695,244,573,11336.733747126314,24,0.78309867625015,0,0
1462,41,5841.94588877878,21,738,11267.073799371497,24,0.3501048042845637,0,0
1463,50,5984.0376959855985,290,861,6483.122972528408,12,0.2243668276923797,0,0
1464,66,3947.930314664839,271,417,9382.905714759272,48,0.35284411837350005,0,0
1465,46,1412.0,305,782,10021.308336095439,12,0.6453308128295218,0,0
1466,60,7194.305423507391,121,694,9544.041265131445,24,0.5467871248282837,0,0
1467,39,4042.3250879831917,127,759,13670.339559279313,36,0.743589406521226,0,0
1468,43,3274.448471913759,112,992,13826.76919708025,36,0.3390741484817763,0,0
1469,45,6386.957823827987,272,377,5405.210826502316,36,0.4520285734646854,0,0
1470,67,4215.974720161741,335,711,7498.927421245613,24,0.1019683689629235,0,0
1471,38,7119.872768093244,129,374,6563.1323338985185,12,0.07305864603278145,1,0
1472,66,6234.011899153395,131,594,16942.62883055107,48,0.46225524284410047,0,0
1473,24,6367.138646400956,84,320,21267.4526488292,24,0.30159660744592354,1,0
1474,34,2268.0885775989314,349,470,7681.893124315443,36,0.6128005721361308,0,0
1475,37,7423.887970772801,80,314,9164.523772215585,12,0.043002165444571916,1,0
1476,58,5522.5010624677125,324,510,14211.574155986655,48,0.12176637759956543,0,0
1477,66,4261.445721507594,68,859,6463.944603851385,48,0.8651908111063952,0,0
1478,37,5286.7769346845025,147,385,14324.541637912384,24,0.5663116215191045,1,0
1479,71,1447.52953420336,15,448,9895.65368468894,24,0.7120545336912272,1,0
1480,39,5817.305622961341,306,999,1281.3014852501856,48,0.8419721187072957,0,0
1481,45,2941.256983635857,104,671,3497.8320981415263,48,0.4638343429500522,0,0
1482,57,2294.659428312931,164,779,8310.729663746042,36,0.7610603839674761,0,0
1483,66,1955.2816275642176,200,450,16114.742773954229,48,0.5245855790735243,0,0
1484,24,7225.3767499798505,196,440,5537.327008055109,24,0.22274877027370388,0,0
1485,18,3741.4732126144227,184,368,7329.496993460176,12,0.3376561688009395,1,0
1486,49,8067.455419832999,321,559,11055.621133912988,36,0.49035044105566084,0,0
1487,30,3928.3970738954044,264,820,1656.17521969496,36,0.31688555217227077,0,0
1488,47,1585.2840848141063,99,932,11492.766405288237,48,0.33552769134989835,0,1
1489,40,2766.9511201026817,341,670,2281.29956950449,12,0.3373928312487664,0,0
1490,68,7471.623240013878,319,718,12835.92104730893,36,0.12283997885710418,0,0
1491,73,4688.203644126665,213,400,5956.109588813026,24,0.08464260721225136,0,0
1492,36,3903.425407018798,277,960,5289.754298925924,48,0.046496039691304336,0,0
1493,49,5320.036451705575,161,957,11363.983122658969,24,0.11095626103433676,0,0
1494,47,6003.56547233509,156,542,13969.952547505329,48,0.343707092135618,0,0
1495,46,7234.797631804922,250,811,11881.299280285935,36,0.5938718057830571,0,0
1496,66,7896.998459785853,96,854,11038.21749925178,48,0.18814692720940895,0,0
1497,62,4280.462708421828,17,394,11109.011047086153,12,0.888008846002638,1,0
1498,46,2347.9046278359233,326,525,11911.609438808307,24,0.8083824312394494,0,0
1499,47,4173.069677753448,96,817,12240.180980242521,12,0.5205271128091636,0,0
1500,33,5520.561013165772,0,513,8028.594749665234,24,0.7242098308133599,1,0
1501,57,3072.4821475787785,215,366,13272.514743903701,24,0.36632852469875843,1,0
1502,36,3085.698170209914,131,695,6009.048874093998,48,0.0367777927330899,0,0
1503,35,5687.5757630997705,259,911,15456.966318106872,36,0.9043328475325398,0,0
1504,18,4902.695296859098,124,311,13912.21824394241,36,0.127793488257822,1,0
1505,31,5065.593990823173,81,536,20904.50502292354,12,0.9479373463796514,1,0
1506,68,3483.0093305998607,282,698,12569.242256527848,48,0.57188258826611,0,0
1507,64,4539.198571588466,170,706,14545.49843273795,36,0.30556306102142994,0,0
1508,67,3151.5337114633912,58,779,2197.3085599369806,24,0.49552462331184466,0,0
1509,19,6780.396822249573,31,946,14708.483711528614,24,0.5016298089230942,0,0
1510,71,7070.498669447505,160,521,15882.280111821317,48,0.023287079442581904,0,0
1511,45,1412.0,283,455,17523.606466942256,12,0.35545985188413864,1,0
1512,66,3140.97827961518,105,953,10602.331761707497,48,0.7398657995429174,0,0
1513,67,2006.941489819842,104,727,8290.53311945995,12,0.510069188950708,0,0
1514,47,3699.9521311862036,227,457,4552.426123616895,48,0.2442301170095842,0,0
1515,55,4833.124060419278,187,715,5009.820190664806,24,0.335109860036944,0,0
1516,68,2100.7095606029397,69,625,9871.966627221418,48,0.8630543931159491,0,0
1517,21,3156.2803737493737,317,670,1242.8100139808412,36,0.5255496701502296,0,0
1518,18,2992.085255837003,289,643,6158.906959593505,36,0.528352122551236,0,0
1519,25,5414.5346587978875,86,561,10447.610253803256,48,0.96146745905101,0,0
1520,46,5138.688674072501,55,582,10336.017263551057,12,0.32088139903664337,0,0
1521,72,3556.5248933254934,112,528,5153.031233145851,12,0.47954112510622837,0,0
1522,56,5353.641744278796,12,579,3830.683447706815,24,0.811713597720834,0,0
1523,20,3906.6398308254693,17,589,4577.437718069917,24,0.7589122488870297,0,0
1524,49,4456.689779347894,181,979,8895.73920597565,12,0.26579942192867256,0,0
1525,27,8346.904180597074,112,346,20648.985715416326,48,0.15109104760538583,1,0
1526,27,7680.922103580696,228,513,15301.69543033636,24,0.7007045761873683,0,0
1527,36,2400.8375261448045,170,323,11070.972019421206,12,0.25765617680719477,1,0
1528,63,6659.464835758349,294,620,12769.45382671851,12,0.9226758285242411,0,0
1529,51,6622.793108983184,188,573,15079.324369400707,48,0.1292476939892261,0,0
1530,50,2703.4734224947633,78,855,13378.093254644953,36,0.31831520013477654,0,0
1531,40,6637.555287509721,145,612,8458.950132863714,12,0.05478724692491377,0,0
1532,72,8075.863836825106,181,662,5772.058967142308,24,0.7033053068633781,0,0
1533,45,2754.9103875111723,285,967,9373.629146372312,48,0.8912626489153983,0,0
1534,49,3164.9943579714727,249,679,15021.208334559604,48,0.635874527331007,0,0
1535,67,7035.3229336870045,353,973,8648.044122778794,48,0.9377530155114836,0,0
1536,24,5542.990621651296,313,769,4476.621854311751,36,0.12850397850120965,0,0
1537,46,6102.952550479046,195,974,1382.7600361283858,36,0.08773392726269891,0,0
1538,25,5681.1784328009935,322,415,9394.846191608944,24,0.8384127311673708,0,0
1539,18,5781.391841856288,70,904,4871.788787310792,24,0.8555111753865077,0,0
1540,74,2347.055743377834,247,341,7817.420568118662,48,0.8310395271071281,1,0
1541,72,7094.635413242897,145,678,17281.162644266606,24,0.7989649025337456,0,0
1542,20,7339.179984855547,105,505,9730.751443765299,12,0.3622283639386602,0,0
1543,41,4541.2185118639445,262,765,6247.696126256113,36,0.21746208359138774,0,0
1544,40,4913.046100372275,295,579,11543.756404959346,48,0.92880401999779,0,0
1545,25,1937.7849948885555,69,947,19604.773335401253,48,0.30700018284833397,0,1
1546,71,6028.50951203567,192,917,9396.518757964872,12,0.3984076821640322,0,0
1547,74,6144.1148834282885,67,417,500.0,12,0.6995589594516332,0,0
1548,64,4875.617966001378,304,536,13250.382882629898,12,0.2933560799939876,0,0
1549,54,7248.706719741005,51,608,11732.150304634186,12,0.8191302215610012,0,0
1550,20,4331.845538040119,284,755,10450.61177747863,48,0.07003462363178126,0,0
1551,68,6129.2118517872,333,774,8904.113706695161,36,0.7911826673889345,0,0
1552,50,2960.671322615769,8,399,5963.63912557609,36,0.6018513226178042,1,0
1553,45,4952.895698251524,250,560,17574.871119669286,12,0.5729936441135929,0,0
1554,64,4651.291484194328,331,604,808.4533264547626,24,0.4583770391386607,0,0
1555,25,5450.615844081884,297,653,8455.194595941304,48,0.2770455962834224,0,0
1556,51,4260.946142333283,183,585,8338.299142070635,36,0.46407028543123663,0,0
1557,52,4737.054808656664,178,627,14267.209011985968,12,0.4500285120186873,0,0
1558,49,6652.094342883012,197,402,16178.30322691872,24,0.58375418878307,0,0
1559,41,4126.471525523565,127,362,8866.330949862537,24,0.28157428585553024,1,0
1560,31,1786.8457985226414,19,986,10964.829261343433,12,0.07759558197614902,0,1
1561,49,8499.16780841084,327,581,11389.934072386195,48,0.14508944663913825,0,0
1562,73,7762.908157380973,64,740,15266.631197047922,36,0.6991774314615729,0,0
1563,63,2415.474609788763,181,592,15163.652236815324,24,0.022492329635540487,0,0
1564,60,6379.415610490389,240,306,7307.932277505345,36,0.85644304464543,1,0
1565,33,3994.0504588973135,23,938,12189.507007181553,36,0.6943973274799133,0,0
1566,21,5526.97443066212,82,391,11916.25896236432,24,0.7680865413077163,1,0
1567,69,5588.448258026988,318,489,9420.450265750655,12,0.8359844490934748,0,0
1568,54,4531.184399367356,184,775,11868.908670160798,24,0.12271044393018116,0,0
1569,71,3432.468668827207,315,810,10100.938809381125,24,0.8224510909700663,0,0
1570,38,3618.917895367481,98,761,10789.452995572432,48,0.5046424376590564,0,0
1571,31,3167.616169037515,61,352,3219.968441437505,36,0.8855238387531971,1,0
1572,48,3336.3555835391107,285,785,5410.193139656854,12,0.8865866010603435,0,0
1573,72,4865.643419901289,21,943,14088.777547865957,36,0.02417804375417021,0,0
1574,65,3568.4800217784964,211,789,3947.0606159044064,24,0.3828652154835389,0,0
1575,35,6364.10413142524,125,663,12350.546045978468,12,0.5263987958652734,0,0
1576,24,7974.492310671854,41,411,9592.870094872746,12,0.678360089782902,0,0
1577,27,3839.893517259914,97,708,15153.273646649155,12,0.28618624668413395,0,0
1578,24,5478.809001070754,30,306,13244.002710483426,12,0.2521422606646523,1,0
1579,50,5999.370220605868,157,967,7733.604147715824,48,0.3812657190890473,0,0
1580,40,5944.004541838549,111,496,8883.758260642251,12,0.5009386917498945,0,0
1581,38,5151.910535832175,246,666,500.0,24,0.9511462314054133,0,0
1582,36,6485.364836719445,121,549,9348.009424036356,48,0.7621084666974375,0,0
1583,65,5964.497905361314,272,894,3649.256286979048,24,0.4293211669377053,0,0
1584,36,2524.675155345404,293,539,8906.468209957218,24,0.054366178440183766,0,0
1585,53,6738.312128778546,206,679,6810.408830220653,36,0.16852059214375936,0,0
1586,46,6774.581674533484,109,770,5616.853990552595,12,0.45592442431941704,0,0
1587,35,3473.427791642837,277,754,15938.62256060107,12,0.8138259000987043,0,0
1588,19,5075.875670895204,55,665,3618.945514964731,24,0.38069553567734393,0,0
1589,18,6366.657985622139,56,589,5184.674432940773,12,0.5384966507450597,0,0
1590,64,4581.3723608412765,290,702,6508.944783049603,48,0.8918048860851021,0,0
1591,22,7145.956095532023,113,357,7594.409705647044,36,0.9137962594266289,0,0
1592,37,9727.744989238721,307,820,5616.107442642278,12,0.21577499644268938,0,0
1593,28,3428.027934730035,340,603,8204.257538468537,12,0.04359492179259439,0,0
1594,59,2237.91079369245,197,414,11510.771584094324,48,0.30541053097151494,0,0
1595,19,5607.637191209751,320,509,13349.293790144828,36,0.6958023148257801,0,0
1596,20,6443.125010252287,178,340,13106.539787051262,48,0.9511122009762665,1,0
1597,40,4538.267252310462,218,472,500.0,24,0.07703199998411392,0,0
1598,72,7906.521326642069,276,533,11900.979467557187,24,0.028483810549271515,0,0
1599,29,2322.7884005535025,15,889,12209.492463565633,12,0.8841472129857219,0,1
1600,37,6385.837246063222,60,919,6688.00428144412,36,0.7481452691031412,0,0
1601,22,3788.278358482213,53,702,18338.421031535694,24,0.9922485791555753,0,0
1602,54,8438.755812414594,167,338,15438.331159072935,48,0.39679288146565317,1,0
1603,55,8985.030706336236,25,418,9084.878084294778,24,0.41605090513676934,0,0
1604,47,3466.6868244333045,335,634,7020.158473658836,24,0.1723118372974496,0,0
1605,26,3900.8857281828396,64,635,18257.222304714793,48,0.11584715259733847,0,0
1606,51,6719.175773959604,99,838,9904.931310702728,12,0.578718010590238,0,0
1607,70,4225.73870042097,73,915,10425.185288302035,36,0.36428500129483254,0,0
1608,61,4909.177564135523,191,373,10362.282985629246,12,0.08031644794524506,1,0
1609,52,5050.77684108482,170,490,21515.522356079906,48,0.8869870695233198,0,0
1610,69,1412.0,272,623,8917.423679464802,24,0.19835646824933306,0,0
1611,39,4972.324507811525,186,446,9881.790116005915,36,0.7485843470035328,0,0
1612,61,3620.544451871652,22,583,5844.686685005703,12,0.28222859611811113,0,0
1613,41,4013.754355200456,180,512,8052.502788681802,48,0.8129048307527991,0,0
1614,34,7887.264006937628,326,934,4843.0390285675085,24,0.11839684142765405,0,0
1615,27,2486.9862114414873,107,693,5946.33373483439,24,0.7560716102217615,0,0
1616,47,6626.410373495954,334,638,950.2417109613489,12,0.09811887390051244,0,0
1617,73,4442.074139336383,161,321,14407.622854893842,48,0.4469157878569433,1,0
1618,63,4440.479663008331,301,404,10783.731687929565,24,0.7340043505996046,0,0
1619,40,6580.7437921034225,205,765,11195.546461404101,24,0.17321838118690058,0,0
1620,49,5680.102589137781,77,758,9737.808467335657,36,0.285664988846723,0,0
1621,34,6141.225994439062,15,731,10358.830087586712,24,0.8647669920921977,0,0
1622,67,6936.369321065722,326,918,18095.695356252185,12,0.885119320907646,0,0
1623,68,4337.383233633354,95,520,6156.136040826297,48,0.04493545245272623,0,0
1624,34,3775.5265309844995,146,678,11391.783991395912,48,0.16809058535297527,0,0
1625,31,2829.698946884404,1,521,11364.955714125044,36,0.11747194027285901,1,0
1626,26,3349.1789400420894,9,557,15709.946141978791,48,0.179693094651303,0,0
1627,57,10898.188850617451,124,666,12193.274062768756,12,0.9701877243062725,0,0
1628,19,7489.359161473573,80,648,12444.594224136752,24,0.5516552487904565,0,0
1629,62,2297.8512675839575,139,524,3708.6521473007188,36,0.4681123904549268,0,0
1630,42,2355.08408651286,325,535,5955.488241475092,48,0.9844673730926161,0,0
1631,56,5963.732123436983,149,482,4165.557979682037,36,0.5569561298607354,0,0
1632,26,6094.529594755933,287,743,500.0,36,0.6611179273455245,0,0
1633,71,6097.767670634728,339,922,11985.996680538188,48,0.3327705460491802,0,0
1634,39,4490.0884128926045,128,305,8691.855800459934,36,0.3821148645095186,1,0
1635,60,4749.091479994199,238,535,11995.358442898463,48,0.594409383809073,0,0
1636,63,5655.759048318715,57,426,10177.446402677502,12,0.06978578400046476,1,0
1637,21,5171.786012586661,197,403,11202.181576018047,48,0.25588288604477516,0,0
1638,43,1412.0,210,779,16690.57705885851,24,0.1968117494603071,0,0
1639,46,4540.400738849612,44,454,10036.475446379767,48,0.015893393140003598,0,0
1640,62,3297.1871314793725,96,556,13344.946090519132,24,0.5369012705204219,0,0
1641,51,5350.422837817024,278,534,8488.78156982962,36,0.5610528395238791,0,0
1642,40,10970.51800520682,22,799,14123.940600061293,48,0.3839392230372589,0,0
1643,54,5734.963330948609,334,588,3801.811726401096,24,0.26872746946479087,0,0
1644,28,4372.9406276552045,43,809,812.2189925002349,48,0.6520598759946248,0,0
1645,23,6843.603003954504,26,851,20533.30235832218,48,0.13465916138445688,0,0
1646,35,5965.375774418426,281,868,19181.520761566222,48,0.5186150316353341,0,0
1647,38,5840.188980903683,96,597,500.0,12,0.7680739858106199,0,0
1648,59,6213.701186431342,35,909,9819.433370118615,24,0.1642979839524723,0,0
1649,53,9113.087129659083,108,436,10749.581715393211,12,0.7532595385958187,0,0
1650,58,2738.2231293481686,54,675,13614.857909841943,12,0.760794509153398,0,0
1651,55,5947.264153622909,191,386,18696.044482756166,24,0.059926648230454904,1,0
1652,51,3147.2377400369232,218,718,4692.948739904411,48,0.018784326087181835,0,0
1653,34,6111.025292684497,184,498,4961.590872422761,12,0.9739354059881948,0,0
1654,54,3162.6269770278113,68,762,9994.144119043931,12,0.19338265949882494,0,0
1655,42,4165.266372789832,316,736,5182.109830572644,12,0.822139209100103,0,0
1656,55,4409.820171524188,129,609,500.0,48,0.5618506530452986,0,0
1657,29,6951.633438689418,54,895,8863.799676125547,12,0.2644721575369968,0,0
1658,40,6836.908887884828,96,580,14287.719535783453,36,0.12997043661881258,0,0
1659,70,2508.5652471072312,335,622,9897.66307230674,24,0.4966772735777275,0,0
1660,59,5109.868221999697,86,451,13120.226295749011,36,0.40735481162944986,0,0
1661,39,3580.8402905016546,293,601,12405.03101977126,48,0.6988860851170678,0,0
1662,38,2482.990178649331,118,577,4865.0718730401595,12,0.9041685495477267,0,0
1663,44,4565.965899151259,207,950,10340.107721895276,24,0.8052480869634384,0,0
1664,74,4383.03442308836,333,987,2374.1967548049506,12,0.2744520502048119,0,0
1665,48,9853.432972691044,153,307,7440.44669257398,48,0.8789332184523058,1,0
1666,23,5865.919650721393,34,534,10252.265922259661,24,0.8333913141046041,0,0
1667,44,2244.7649984915256,78,974,9994.236668559637,36,0.9291362337217682,0,0
1668,57,3870.4519916581157,66,860,3545.325615947145,24,0.45866082103798766,0,0
1669,51,7042.766590858797,342,601,4555.022568972236,12,0.7685751724093984,0,0
1670,29,9176.88554573985,33,337,11454.798148289477,24,0.5916580655236704,1,0
1671,62,1828.0333755240836,96,435,14136.967176516504,48,0.31050275254948334,1,0
1672,74,1412.0,168,720,8965.162532550514,48,0.9944310025427634,0,0
1673,70,8741.930350743565,168,518,8714.866603733895,24,0.03830746683966135,0,0
1674,24,5779.228354741807,150,647,14656.380000014611,48,0.16227257255907468,0,0
1675,27,3263.4145362472673,70,845,6139.669429863679,48,0.8925423625318949,0,0
1676,62,6069.25817224487,2,378,18635.147830520586,48,0.060562843412633516,1,0
1677,34,1412.0,313,572,3273.636476751257,36,0.8868206673435217,0,0
1678,43,5006.751013194322,31,460,15242.481657443968,12,0.7152214760582009,1,0
1679,38,5655.64234568617,286,986,12695.839220765287,48,0.03668400539454231,0,0
1680,45,6848.54027907566,81,607,22050.602611975955,24,0.4293200428541766,0,0
1681,63,2972.2080954149246,42,673,4394.153398089461,48,0.7544714750022371,0,0
1682,19,5171.374322806718,104,308,500.0,36,0.5831002846307997,1,0
1683,71,3149.1507478808253,0,743,16247.231836476956,24,0.935871291964458,1,0
1684,60,5510.767511348634,60,412,2643.332463401077,12,0.8676440329119999,0,0
1685,18,3209.3073552739515,269,504,13078.882460690442,24,0.332647635334146,0,0
1686,68,4183.798321679558,179,704,15910.755403136285,24,0.08462719552009035,0,0
1687,70,3008.3692104195416,223,997,11898.803823588762,24,0.9442570396456513,0,0
1688,53,6302.272483647314,5,496,11160.904432510968,24,0.5172867677679266,0,0
1689,68,6716.902233313331,102,414,12004.700174034724,48,0.07439762437194852,0,0
1690,43,4530.758860085172,9,420,14187.109466856724,12,0.8165756133592795,1,0
1691,46,5076.475989920056,70,952,12935.34242381509,48,0.8685064706853911,0,0
1692,38,2102.8171707329116,89,364,3917.080966044223,36,0.639424640176571,1,0
1693,28,4400.646703986426,225,575,19124.99860924592,36,0.4475089656863399,0,0
1694,57,4899.5907659165105,157,538,10255.54017438451,24,0.6621730123235727,0,0
1695,28,10241.58618205995,227,601,12591.707932397523,48,0.7066836957051236,0,0
1696,53,2776.0659484516727,125,691,13554.945087634313,48,0.893029958085968,0,0
1697,66,7928.354477504875,208,821,15779.639009406426,12,0.9558616803747381,0,0
1698,56,6993.717546931616,96,668,15260.534112373178,12,0.5143209323909114,0,0
1699,57,5561.272808980273,73,532,10658.68413223746,12,0.7984945335265625,0,0
1700,52,8517.240968390266,114,494,10337.332422923952,48,0.9645095559916549,0,0
1701,71,5744.210945213726,190,311,12043.054914844482,12,0.151243338146966,1,0
1702,51,5778.318391335857,169,988,15500.305029767333,12,0.018267981609676687,0,0
1703,72,4893.758693964909,306,476,4436.891575835579,12,0.868963772848294,0,0
1704,64,7447.1377648372545,203,516,13220.477111209799,24,0.19527333324716079,0,0
1705,41,7192.938467621767,55,310,5568.38697502001,36,0.042478766631800946,1,0
1706,71,3748.645425007575,207,745,19256.067625007352,36,0.16009613765744457,0,0
1707,39,2361.505610802465,40,929,11836.570839922388,48,0.3841149112437693,0,1
1708,22,4594.038725208686,31,463,7919.862126745659,48,0.21926570159258008,0,0
1709,73,3399.922871204707,14,850,12143.58300834448,24,0.30525362910044307,0,0
1710,50,4872.95085076929,61,352,10046.008288432266,36,0.9752940514300463,1,0
1711,53,7474.876269368278,154,517,9199.065188337861,12,0.7044055441625751,0,0
1712,64,4085.39668982642,283,659,953.8737179612472,12,0.712191728253204,0,0
1713,37,4914.35323737685,208,684,4879.034984111425,48,0.09468537472792282,0,0
1714,36,5116.045469616791,319,355,9297.73450258743,36,0.7320983698226917,1,0
1715,52,6696.861764410569,186,417,1558.2293015979849,48,0.7393443329553049,0,0
1716,69,1412.0,129,552,7064.118513211896,48,0.6597450184066322,0,0
1717,60,3786.5994104694064,126,479,7500.626186064874,12,0.22843629599787507,0,0
1718,34,5422.567384558945,291,714,6102.786866310342,12,0.42303617908218494,0,0
1719,62,7400.157912853722,113,534,13861.774068323204,36,0.8462764546696253,0,0
1720,60,4016.1951049875897,198,379,5599.1534070093085,48,0.6702016293406263,0,0
1721,51,1412.0,12,946,10442.04406038282,24,0.7327688349999023,0,1
1722,26,6239.422891932272,270,321,8234.180205047127,36,0.5873744001258089,1,0
1723,43,3729.2752223487414,88,776,9406.013684339327,48,0.44958659911177845,0,0
1724,19,2620.6666818192775,214,739,18032.003763255656,36,0.7590520100671082,0,0
1725,70,3751.309220573552,277,869,10898.431759165873,36,0.06792581436630496,0,0
1726,26,4630.949284688301,202,392,11865.164457631441,36,0.6731607327802641,0,0
1727,26,3790.5106709235743,73,491,6172.914563934661,24,0.9972045078506792,0,0
1728,57,1412.0,24,402,13130.748386478186,24,0.7801919294680316,1,0
1729,34,6794.1323937742645,100,695,12919.849534239172,12,0.2905635115774553,0,0
1730,18,7549.750082557444,175,306,12438.043335193557,12,0.2778194947053806,1,0
1731,42,6303.043982679012,116,939,3954.115910586742,48,0.6672186105934589,0,0
1732,60,2724.6286591503667,165,866,7073.763910159532,36,0.8958542570085304,0,0
1733,57,4597.016932104964,40,530,17167.900317841457,48,0.5779497408478429,0,0
1734,59,4986.957369541084,343,873,6561.277671563654,12,0.5274022871700583,0,0
1735,42,6197.58877912382,119,539,17849.940128773153,24,0.16038413384367134,0,0
1736,56,6336.680977436162,96,389,7268.017114747965,12,0.7154569553598166,1,0
1737,52,3531.652402443008,144,531,10741.080770264112,48,0.7022986196378908,0,0
1738,20,5163.991112827121,215,756,9064.15382871268,12,0.9669513923338476,0,0
1739,67,5914.560809230482,228,532,5775.973589091681,48,0.3001921843056644,0,0
1740,54,7911.644644293533,312,653,5847.955102151583,48,0.7564454763675318,0,0
1741,61,6409.013079649446,129,632,6478.784967551324,48,0.434065261197629,0,0
1742,61,6578.113374751038,351,738,10740.321407247875,48,0.558472791616135,0,0
1743,68,5167.653255858722,317,674,14452.087619976352,12,0.8164538556005582,0,0
1744,47,7820.918290407008,136,591,10415.783263569978,48,0.2219950450189756,0,0
1745,55,5819.525591918995,323,644,9833.108817272252,48,0.3428687395274149,0,0
1746,51,3277.824179652859,336,963,16051.890276711483,36,0.773308670197597,0,0
1747,29,7806.739940250382,272,727,10206.690884831567,48,0.5704579152878609,0,0
1748,36,6395.806545078055,116,956,7285.681974443265,12,0.09242291690507021,0,0
1749,54,4113.911957743036,305,429,5011.294606816002,48,0.430185866778513,0,0
1750,61,4041.0140652015134,93,440,16352.236418293087,24,0.5866333129730164,1,0
1751,66,5593.1510902815235,167,714,8353.012449188487,24,0.9095173164450526,0,0
1752,34,5926.36959053517,202,392,7107.131028130659,48,0.18848804993863866,0,0
1753,27,5394.584531262413,340,925,6674.783882136368,24,0.8059529683774829,0,0
1754,74,5622.61734688577,148,583,16070.95277743864,24,0.13062448307659136,0,0
1755,72,8399.914749152762,182,954,7135.130033658876,12,0.2422356600758072,0,0
1756,66,7143.086304469771,151,522,14952.313788375468,36,0.24334388349012304,0,0
1757,64,5381.2711825300485,73,762,8847.960447952655,24,0.8774791959088326,0,0
1758,29,6882.621161534967,273,844,3958.0983448653824,24,0.1990176920149871,0,0
1759,33,2934.952192944921,41,575,8337.541530900497,36,0.7869607269854091,0,0
1760,41,5795.854099893618,211,981,9836.034327760297,36,0.4618065340196199,0,0
1761,36,8618.61269946622,100,439,9424.146036143253,24,0.9990907677973108,0,0
1762,25,4563.908209215252,44,656,9300.081485619325,48,0.8390914986521054,0,0
1763,48,3304.7321427618303,81,322,8390.275284140906,24,0.739703134447818,1,0
1764,38,3695.8222228138784,16,569,6074.950201486855,48,0.8707263066521955,0,0
1765,34,2820.733925315223,72,964,10053.687818870967,48,0.6340303926050336,0,0
1766,40,3430.476183744593,13,632,12704.742103639628,48,0.8436522565284976,0,0
1767,54,4258.983802819942,156,384,2687.021197001438,36,0.26112684736145586,0,0
1768,71,2188.865961642716,222,920,16495.311090261035,24,0.09770321110107494,0,1
1769,33,5031.236667899206,131,330,500.0,24,0.6159320070866687,1,0
1770,23,6804.554347573294,337,539,10376.242873831745,12,0.434690392663586,0,0
1771,25,3184.487639706159,46,662,12330.434677367124,36,0.42644079529243195,0,0
1772,42,8038.567847283537,106,688,6983.23595052488,12,0.5267478524300462,0,0
1773,35,6021.58417705519,107,952,500.0,12,0.3613826115655425,0,0
1774,42,7061.161171248114,264,967,9516.379499539762,48,0.6260595314428291,0,0
1775,29,3684.330892295726,204,598,10848.479623017169,36,0.03056836734762991,0,0
1776,32,6709.050454133231,78,670,4256.4063271190025,12,0.9698913418817633,0,0
1777,43,2816.132199209374,154,398,5849.332947097703,24,0.9247089920455704,0,0
1778,58,6780.495001673017,270,346,14813.56048031892,12,0.9352701625819336,1,0
1779,62,5343.678679587062,246,721,10588.408798508879,36,0.36500349558371836,0,0
1780,43,6106.502439969568,18,779,2456.6150536867963,24,0.5318909576590998,0,0
1781,64,2648.8107887502965,345,878,12249.149588775657,24,0.9541306030575752,0,0
1782,49,3209.8603154467905,25,361,5347.40584010816,24,0.9023460564275866,1,0
1783,27,6194.456436506769,216,408,6126.187835866759,48,0.7902444759011473,0,0
1784,33,3103.3039915515983,153,978,10988.28696340399,24,0.40733158984759243,0,0
1785,24,5926.412584198246,153,848,10522.450138095675,48,0.5643392231821734,0,0
1786,34,2265.7243870795087,173,418,7986.967294205842,48,0.7929124742166477,0,0
1787,40,6696.348425333336,91,897,7478.953127090735,12,0.27301199554003175,0,0
1788,43,2534.9533704629816,337,681,8746.004806375275,12,0.6264493682281114,0,0
1789,38,6104.599875359047,180,691,6097.032534636835,24,0.8279343248518568,0,0
1790,39,6251.261867292002,130,351,15445.061258887712,36,0.7074547917329014,1,0
1791,24,3606.45636314085,297,902,2154.031504957671,24,0.4794806311910007,0,0
1792,31,6164.053134169454,274,588,8795.607027133374,12,0.5846083595551583,0,0
1793,32,5520.884526667112,272,636,2702.9746331072556,24,0.9886755431457941,0,0
1794,70,3922.3162876145234,75,503,14680.008736392609,12,0.6019877946472101,1,0
1795,24,2982.890631847584,176,537,8788.448330065126,24,0.7856177540186438,0,0
1796,26,1412.0,183,681,4716.657035594437,36,0.7266047643776626,0,0
1797,68,5699.300094599387,318,966,13425.238131308428,24,0.7014906155293632,0,0
1798,65,1870.3944572758896,130,435,500.0,36,0.7163690551140436,0,0
1799,25,5190.688398882617,48,706,11404.42012569494,36,0.4544097512814639,0,0
1800,67,4473.103567835502,54,807,15756.445942688737,24,0.4741601745181253,0,0
1801,40,6358.285550876391,153,661,10897.717789313896,36,0.4678627373607823,0,0
1802,46,4395.909001020272,354,680,7467.447766079586,36,0.03325460721260809,0,0
1803,35,4341.104427305817,199,875,3789.0901909531385,12,0.24106533033232347,0,0
1804,48,6463.741408576591,307,934,15412.57317711254,12,0.1545640066498828,0,0
1805,47,5670.116058168235,355,553,14637.109288211504,36,0.8864450113972573,0,0
1806,69,5632.311914365557,117,776,6773.190845544894,48,0.274969366452949,0,0
1807,56,5938.535179617053,262,413,6906.81243195236,24,0.1384426344655404,0,0
1808,52,1928.8557535857885,45,319,15933.835501133253,36,0.11976693191088494,1,0
1809,35,6513.577359973964,301,827,12658.065733942722,24,0.6999898345521587,0,0
1810,59,6224.937588027205,355,444,1067.0783014462704,12,0.0060833109149592834,0,0
1811,56,2966.6337428470056,188,507,9021.48797648504,24,0.47130440175650823,0,0
1812,34,4511.839052651598,309,830,8837.21776111085,36,0.11887110559819625,0,0
1813,31,4921.385424744738,317,675,11238.172363148024,36,0.8496633776359052,0,0
1814,48,4731.006431196534,128,803,10030.230079676527,36,0.9584503564524582,0,0
1815,41,5667.719933137069,48,465,7436.444191138908,36,0.9587546162149037,0,0
1816,52,7862.733563662367,24,849,10891.798261799391,48,0.4419641089467693,0,0
1817,61,7163.533455345658,265,480,7761.111685766402,48,0.6445148244347965,0,0
1818,62,2375.5616131371876,117,916,27070.935129900292,48,0.5997041365107446,0,1
1819,51,6244.139980612097,143,911,10613.639505067682,36,0.35003890138595295,0,0
1820,20,7657.866639070819,199,901,9926.50265435499,48,0.44406449142053117,0,0
1821,54,5773.617041378406,156,743,19214.037791557814,24,0.06432369723328568,0,0
1822,60,7181.960850371934,347,631,3178.283032778483,36,0.7956990326714872,0,0
1823,57,9024.54089140153,133,802,9450.135629582592,12,0.24080351215461904,0,0
1824,43,7047.419092213962,147,378,5251.984564978633,36,0.46052733113637623,0,0
1825,72,5498.617191283458,335,884,13175.050282550445,24,0.4806207336166439,0,0
1826,40,7090.176948169506,70,987,7528.252589109336,48,0.5607117391513182,0,0
1827,61,5289.775666193782,232,695,12900.468675998738,36,0.81787663788809,0,0
1828,56,5047.806086569911,333,907,12540.254992172711,48,0.6918810461837497,0,0
1829,32,4297.171528572535,298,402,13901.861309950371,36,0.663063049129192,0,0
1830,73,8126.826717664217,153,701,12622.593962609782,24,0.5267454958049398,0,0
1831,66,3363.1426681159974,89,523,8879.803030724917,36,0.09595575494658992,0,0
1832,21,8064.7354493562325,333,817,3011.7364661550664,48,0.4020084716508614,0,0
1833,46,5999.7282474807425,198,933,15045.424705066318,48,0.9573168512905521,0,0
1834,39,2201.387650396117,160,535,17045.137123325785,24,0.9955480752882525,0,0
1835,42,5735.298585982843,25,726,5310.658443541979,36,0.7304981461009182,0,0
1836,30,1412.0,120,415,13679.386808063438,12,0.22751496307464503,1,0
1837,35,6251.016033662072,300,462,4148.186262072068,36,0.10189064600339592,0,0
1838,50,6770.462965977982,211,525,11017.160873809487,24,0.41476435904619924,0,0
1839,33,3815.288088695893,62,529,12047.102431041654,12,0.8565719023593357,0,0
1840,62,5247.095391911164,67,481,7868.901130976629,24,0.7218642398950005,0,0
1841,59,8908.314867500572,252,548,10475.357184465382,36,0.8838922375411049,0,0
1842,61,3988.5065914761267,1,617,14241.015857486078,12,0.6157763146976523,1,0
1843,19,2882.184825886799,107,509,9452.917473744947,24,0.13032836458969232,0,0
1844,72,7963.326804925197,285,955,6624.3124771990115,48,0.11479596699816408,0,0
1845,52,8925.17438106159,48,691,3881.1039361383064,12,0.04800230263012928,0,0
1846,59,5007.391343695695,139,395,8046.17816872795,12,0.567079970573531,1,0
1847,51,7022.926070816713,217,385,4126.392093954555,24,0.24288623662478903,0,0
1848,47,7682.951831061762,43,714,8113.0798918027995,48,0.7343836413549505,0,0
1849,72,3515.031534923232,268,693,7673.787682852057,12,0.6862499358575073,0,0
1850,30,4029.388329264263,77,995,14020.524849812602,24,0.31811074240831694,0,0
1851,30,7461.74902630947,215,932,10367.375081051554,12,0.17680166646406437,0,0
1852,35,8370.02855741702,97,800,22736.298448585956,12,0.10240034979600121,0,0
1853,49,6125.76172034871,235,903,500.0,12,0.737315273813097,0,0
1854,49,3240.3712929958915,281,881,11566.8571585939,48,0.4504409954259332,0,0
1855,52,8974.122223398883,148,432,7742.218572502443,36,0.3235299141781389,0,0
1856,56,3938.058204376071,303,948,5219.796897577769,36,0.8566530158063121,0,0
1857,63,4329.724437657096,65,613,9851.152527119148,48,0.593613216569384,0,0
1858,69,5684.675668979243,233,998,9476.915338195198,48,0.5180023363965844,0,0
1859,46,8108.320841429548,86,520,15389.064086730159,24,0.7433791649756157,0,0
1860,66,6707.951953104447,78,737,10456.292234015013,12,0.8155831402352883,0,0
1861,46,5829.731000723821,204,345,6535.9920614061575,48,0.6860731554227195,1,0
1862,70,5926.577060236213,278,491,11671.052818501601,24,0.4400063185993527,0,0
1863,61,5087.029337286932,336,819,8851.742181442412,36,0.37929879267218747,0,0
1864,74,6116.279029037012,253,678,4372.607274396466,36,0.7716649382727022,0,0
1865,33,1412.0,303,990,8757.273152436119,36,0.5179071606402861,0,1
1866,73,4406.785081860404,129,633,11154.710387033443,36,0.7043860785173763,0,0
1867,61,5482.643869833562,83,338,10361.412151160734,24,0.8903987890805519,1,0
1868,64,2697.9718327609858,275,592,11651.565273159411,12,0.9158906347367032,0,0
1869,74,5772.64663562312,186,989,7367.573954964042,24,0.27771563924057263,0,0
1870,27,4591.057558027757,45,461,11588.059807169717,12,0.1878899502725141,1,0
1871,47,8510.95139663098,182,630,10600.579064087078,36,0.26128736033683786,0,0
1872,42,8146.039450429713,267,403,10641.146918867717,48,0.7513717705355027,0,0
1873,56,4068.3888617636744,295,460,10161.782764133433,48,0.37005803604616017,0,0
1874,37,4698.324576866609,321,934,20880.46605117982,48,0.17338928084132976,0,0
1875,22,4852.104868783214,99,353,15550.631219000345,12,0.09838549250696926,1,0
1876,18,4096.681047680755,77,333,11476.958784643162,36,0.32731318882968785,1,0
1877,47,5390.049968056253,271,541,5998.963615758915,24,0.1361364403505113,0,0
1878,66,3483.4358622248196,338,412,8538.33750121768,48,0.15637361253330695,0,0
1879,20,2738.7693301249474,161,617,18078.940755741693,12,0.6838839734462702,1,0
1880,62,6245.422447800537,43,322,7185.3126858324795,48,0.01973209566840528,1,0
1881,31,6259.059168443622,237,857,9171.351834322673,24,0.117553261625438,0,0
1882,73,3391.368480680015,133,946,8892.983371927958,36,0.8443654912130965,0,0
1883,47,6790.710861525199,191,417,11839.43638579258,24,0.8449140850182532,0,0
1884,67,3736.844541669337,355,942,7816.767613572845,36,0.32924347876357696,0,0
1885,21,5506.330476075962,277,511,10884.290040741276,36,0.08795300836872899,0,0
1886,35,6640.688025224912,17,717,7928.415526741879,36,0.7049703338072059,0,0
1887,54,4932.774870592574,11,412,16572.55349765866,48,0.3601316877738744,0,0
1888,42,5909.4818242822685,179,343,6568.611877830032,24,0.045464627204925834,1,0
1889,65,3967.1407122248565,122,427,14888.22422394218,48,0.15782698129979855,0,0
1890,18,4607.0668331438055,245,457,7074.320718381672,24,0.1372148119640243,0,0
1891,70,4588.281138239319,221,693,5731.26836059629,12,0.5891163438276622,0,0
1892,63,3506.843306919522,50,811,6496.03626755039,12,0.8981175836035613,0,0
1893,32,4646.451673768436,70,344,1442.821364826228,24,0.7930720333234574,1,0
1894,26,1902.7634022725065,47,407,12192.992231921533,24,0.5465160450172301,1,0
1895,32,4017.6925057157905,18,518,4180.119452384479,24,0.42215516492748006,0,0
1896,66,4430.249013260658,261,742,8210.402362036968,24,0.618676709068865,0,0
1897,74,4487.64049500924,83,614,13808.107987993815,36,0.44381274098008083,0,0
1898,41,4517.005108258442,154,476,13646.763398723173,48,0.24609912257631594,0,0
1899,21,4876.471600279742,52,527,2841.7054200136718,36,0.6791974553522796,0,0
1900,29,5958.8830361721275,106,971,11552.717899654686,48,0.873243945741321,0,0
1901,54,6749.034148265046,356,566,15702.46991154128,48,0.3728703306808605,0,0
1902,54,3700.469546303466,303,678,6815.78544905068,48,0.8415384676913369,0,0
1903,60,2593.598289221711,134,788,12567.866640009146,36,0.43108204648349047,0,0
1904,23,2915.911175513794,68,986,4283.601971027304,24,0.401335943099426,0,0
1905,56,4025.594157610146,10,589,11928.28476618495,36,0.028324357547027668,0,0
1906,73,4296.157364366982,142,656,10656.35680664829,36,0.6952789013674103,0,0
1907,63,3460.0078676050853,191,956,13305.734779127262,48,0.8075025251138229,0,0
1908,41,2407.766671500211,68,503,12995.730434443527,12,0.663556919558561,1,0
1909,28,4087.7583450516236,22,512,3232.581952244238,12,0.1513609513919435,0,0
1910,30,5362.8532402279425,180,851,10682.766203720963,36,0.10329346755264313,0,0
1911,51,6190.058931671129,292,622,17264.568221369358,48,0.5728587516185395,0,0
1912,42,3885.1538937833575,8,893,500.0,36,0.4015162541846019,0,0
1913,24,4174.004355713132,270,480,14834.630569310328,36,0.4290977834855896,0,0
1914,69,3146.6033823053785,92,798,18008.525498145438,24,0.9678002467430077,0,0
1915,21,4937.121659250447,16,619,2576.822397575992,48,0.7239226711930654,0,0
1916,25,3303.142731618371,153,382,6646.504644262608,12,0.4117877392077567,1,0
1917,37,6146.2556264824,327,602,12588.716609752659,12,0.01909927984171489,0,0
1918,46,1428.2670161317778,148,561,5569.374420931796,12,0.03409569785327027,0,0
1919,71,4280.740655095075,266,499,16822.895918226815,36,0.6848036956458562,0,0
1920,70,5602.214678383484,327,539,15294.481328780355,48,0.8377387595177639,0,0
1921,68,5367.669032645009,105,991,3075.1838022844076,24,0.7077026295496838,0,0
1922,62,10386.067327960993,34,982,6284.709500344936,12,0.4058877526047254,0,0
1923,63,5699.600049135815,118,594,13849.184109175107,48,0.031135737930569563,0,0
1924,27,2991.8908063159797,13,811,13653.297013736641,12,0.9674016302352297,0,0
1925,60,4809.071505821854,13,988,21092.200176515194,24,0.9863360621580867,0,0
1926,51,1447.5073330670966,265,695,5600.588972752592,48,0.5493645514442687,0,0
1927,74,4838.800501406478,139,437,17296.089197359957,36,0.07067096469510559,0,0
1928,43,3333.8878859984825,293,428,5430.430276182152,36,0.5409725059144669,0,0
1929,58,6830.780551120323,118,348,12501.604662279358,12,0.8923384702208084,1,0
1930,66,3900.9194508089304,237,975,14461.71220779742,12,0.6799855101282135,0,0
1931,20,4766.468168409507,33,592,500.0,48,0.7199892310327243,0,0
1932,73,3728.884317191193,168,927,14556.031490413912,24,0.08496983743224928,0,0
1933,23,8477.702703706662,9,835,16922.84845524693,12,0.10651163703180144,0,0
1934,22,4357.5144677641765,121,610,15479.40876736871,48,0.12734877637588526,0,0
1935,22,8665.114086958403,144,836,20266.694050388385,24,0.9043768336609926,0,0
1936,71,6628.303524236533,222,938,14825.886417529451,12,0.5258496362638133,0,0
1937,64,5964.133454670772,256,533,7313.974493237428,12,0.7915750963929912,0,0
1938,40,5737.466294635039,267,508,16195.055672076389,48,0.11529125988360023,0,0
1939,66,5787.594596432503,358,904,7030.1685972229225,12,0.927642705508595,0,0
1940,26,1412.0,3,393,10412.089624729892,36,0.8211420914972102,1,0
1941,52,4442.233211698487,353,626,14158.916367006179,24,0.2247641447753561,0,0
1942,37,6690.315942368643,105,524,12240.404120733549,24,0.8741822332939535,0,0
1943,66,4902.205633051789,84,310,16755.659959250817,36,0.2634427593968093,1,0
1944,59,2189.6203063928497,213,628,22443.37347919384,48,0.2053398793390565,0,0
1945,52,4895.191098845061,120,311,4313.180290243002,36,0.26424393681221237,1,0
1946,67,8408.211032510982,131,334,8358.319405951563,36,0.9099550632726093,1,0
1947,35,7493.783431069439,337,746,11581.891812811547,24,0.9155919855148695,0,0
1948,34,4875.991981267936,196,751,7684.045283466294,48,0.3289957746879688,0,0
1949,41,6902.898554116173,18,519,9621.468657510506,12,0.7054341850945512,0,0
1950,20,4266.985959263897,129,740,13879.098031375343,36,0.6757452551641833,0,0
1951,49,1592.2568263465623,11,952,13214.541656833835,36,0.8065626321304032,0,1
1952,52,3151.0680237408915,80,834,11236.66365152942,48,0.29650950014213107,0,0
1953,55,8125.777537016395,329,894,10738.652516321154,36,0.5101385419104019,0,0
1954,30,4452.013836341392,353,528,8880.649327531919,48,0.6676739510082869,0,0
1955,73,4513.232041249964,261,643,17022.61419723859,12,0.026256818809906046,0,0
1956,64,4400.323607450239,124,379,18316.944182964988,48,0.37673874533095464,1,0
1957,42,8808.273179146014,306,652,15094.070018042352,12,0.6958883576785689,0,0
1958,26,8251.917830724127,266,695,4253.117060670227,48,0.2525950931191334,0,0
1959,21,9437.560466896268,139,589,8688.947849827642,36,0.9577041070064872,0,0
1960,31,4681.909579199897,328,754,10998.329798864423,12,0.030161371506838952,0,0
1961,54,5591.2489774941905,1,970,5296.527360388825,36,0.9580871875874228,0,0
1962,51,1966.714901158418,7,427,10395.418523644641,12,0.21676386801040004,1,0
1963,28,7953.868852236548,249,842,10111.108962671215,48,0.048822041925369986,0,0
1964,58,2664.44089746413,138,658,15420.690872936153,48,0.2924740332235575,0,0
1965,73,5433.551127525258,123,826,7508.547801606841,48,0.7862823072902253,0,0
1966,20,2805.394944734312,308,612,15816.514441368476,24,0.7524420064480531,0,0
1967,45,3822.266346522608,227,374,5213.1598191530675,24,0.20884041642279205,0,0
1968,46,3325.4751379005993,9,845,5910.804011693231,12,0.19679013359179942,0,0
1969,26,3784.249478648364,211,495,8103.188461340063,24,0.6425799158045408,0,0
1970,20,3921.7545937020427,111,328,10239.359433324042,48,0.4580826896757305,1,0
1971,42,3903.4624101498457,7,315,500.0,24,0.7922899533309022,1,0
1972,51,6666.667823560614,291,722,12296.487827054696,24,0.02413277869255359,0,0
1973,29,2790.27441387496,252,888,18546.712658728757,36,0.6104118607605711,0,1
1974,59,5441.082854027733,13,892,13256.347839886766,12,0.7306720122398759,0,0
1975,26,7435.918304611117,239,704,8946.650365974187,12,0.993386112028669,0,0
1976,32,3973.607270973208,241,935,4577.0445886520365,12,0.6787816942368469,0,0
1977,57,3564.1622185047963,341,830,934.8888212549318,24,0.2318451565499663,0,0
1978,42,4538.950749639498,148,913,1784.881876423413,48,0.10818619488003878,0,0
1979,22,7359.45041672142,235,376,9345.800624965614,36,0.6409167746440754,0,0
1980,28,5388.215261906716,305,528,20534.550092256344,12,0.523183067518216,0,0
1981,51,3937.571410784803,166,596,500.0,24,0.8991452884450164,0,0
1982,41,5967.75330237608,19,809,13501.089446175314,48,0.726608021181275,0,0
1983,32,2795.4157003271534,215,872,6611.422938070293,36,0.5097424500426206,0,0
1984,55,6362.719020885896,342,837,8322.525204858284,36,0.4035894707651476,0,0
1985,25,5817.214615403535,134,882,5311.505567279939,12,0.4043746995708203,0,0
1986,22,4384.383057722232,128,914,3162.8060425654785,12,0.22630428615123455,0,0
1987,65,3322.828403105538,293,625,10628.186193361604,48,0.017325971755697056,0,0
1988,43,3226.6381554330856,245,662,11314.017432348346,24,0.5749105882071062,0,0
1989,35,6069.63467269182,188,968,13341.700293596452,48,0.2124147325232152,0,0
1990,23,7457.961004978124,43,658,1573.7814694590488,12,0.20832691772804146,0,0
1991,54,3725.38450594241,85,623,14369.861667390436,48,0.1253812286764805,0,0
1992,65,5916.773407102968,43,997,14459.037771275918,24,0.18959549017669275,0,0
1993,30,1412.0,329,625,12122.468432157359,36,0.031789149555137675,0,0
1994,45,3830.764538685601,144,924,7895.191914657696,36,0.674231449748532,0,0
1995,22,4937.882134258196,50,464,11542.154335944722,36,0.40139711631269426,0,0
1996,30,3180.633166036333,241,872,9197.75471594839,36,0.5615245987731451,0,0
1997,34,3126.987250420808,293,903,14842.58164992503,12,0.6369576180207995,0,0
1998,67,3664.4408870622274,50,754,8167.278510366084,12,0.9724845622761592,0,0
1999,57,5584.385456652746,265,452,10540.122150383342,24,0.06826586585550098,0,0
2000,62,4625.34196318725,119,426,1308.3899751442968,24,0.417917684831438,0,0
